Acinetobacter sp.,ERR1942283.1,gi|1436225007|gb|MH271259.1|,99.10,223,2,0,1,223,234,12,4e-108,401
Acinetobacter sp.,ERR1942283.3,gi|1436225007|gb|MH271259.1|,99.10,222,2,0,1,222,234,13,1e-107,399
Uliginosibacterium sp. JJ016,ERR1942283.4,gi|1052468926|gb|JN712181.2|,93.52,216,12,2,1,216,302,89,1e-83,320
Bartonella sp. 1-1C,ERR1942283.5,gi|1269846018|gb|CP019489.1|,99.10,222,2,0,1,222,1203660,1203881,1e-107,399
Bartonella sp. 1-1C,ERR1942283.5,gi|1269846018|gb|CP019489.1|,99.10,222,2,0,1,222,1229557,1229778,1e-107,399
Acidovorax sp.,ERR1942283.6,gi|1181747176|gb|KY883995.1|,100.00,221,0,0,1,221,310,90,2e-110,409
Cloacibacterium normanense,ERR1942283.7,gi|1125677790|gb|KY393024.1|,100.00,223,0,0,1,223,290,68,2e-111,412
Microbacterium oxydans,ERR1942283.8,gi|1411198095|gb|MF671974.1|,100.00,230,0,0,1,230,244,15,2e-115,425
Acidovorax sp.,ERR1942283.9,gi|1181747176|gb|KY883995.1|,100.00,221,0,0,1,221,310,90,2e-110,409
Diaphorobacter sp.,ERR1942283.10,gi|1419235357|gb|MH588162.1|,99.54,218,0,1,1,217,262,45,2e-106,396
Erysipelotrichaceae bacterium X-d8,ERR1942283.11,gi|492370469|gb|JX997882.1|,92.76,221,14,2,1,220,290,71,4e-83,318
Cloacibacterium normanense,ERR1942283.12,gi|1125677790|gb|KY393024.1|,99.55,223,0,1,1,222,290,68,3e-109,405
Microcystis sp. SAG 43.90,ERR1942283.13,gi|664803901|gb|KM020014.1|,96.30,216,8,0,1,216,295,80,3e-94,355
Saccharothrix syringae,ERR1942283.14,gi|343201052|ref|NR_041739.1|,94.17,240,14,0,1,240,321,82,2e-97,366
bacterium,ERR1942283.15,gi|301275602|gb|HM738951.1|,99.56,225,1,0,1,225,307,83,6e-111,411
Acidovorax temperans,ERR1942283.16,gi|1348203275|gb|MG982481.1|,99.55,222,0,1,1,221,322,101,1e-108,403
Diaphorobacter sp.,ERR1942283.17,gi|1419235357|gb|MH588162.1|,97.83,230,5,0,1,230,262,33,5e-107,398
bacterium,ERR1942283.19,gi|301241287|gb|HM704636.1|,98.28,233,4,0,1,233,315,83,2e-110,409
Cuneatibacter caecimuris,ERR1942283.20,gi|1109168019|ref|NR_144608.1|,93.90,246,13,2,1,246,344,101,1e-98,370
Acidovorax sp.,ERR1942283.21,gi|1181747176|gb|KY883995.1|,100.00,222,0,0,1,222,310,89,6e-111,411
Acidovorax sp.,ERR1942283.22,gi|1181747176|gb|KY883995.1|,99.54,218,1,0,1,218,310,93,5e-107,398
Pseudonocardia sp. IFP 2050,ERR1942283.23,gi|410475453|gb|JX049417.1|,98.29,234,4,0,1,234,324,91,7e-111,411
Acidovorax sp.,ERR1942283.24,gi|1181747176|gb|KY883995.1|,99.55,221,0,1,1,220,310,90,4e-108,401
Acidovorax sp.,ERR1942283.25,gi|1181747176|gb|KY883995.1|,100.00,222,0,0,1,222,310,89,6e-111,411
Acidovorax sp.,ERR1942283.26,gi|1181747176|gb|KY883995.1|,100.00,221,0,0,1,221,310,90,2e-110,409
Clostridiales bacterium NK3B98,ERR1942283.27,gi|304569943|gb|GU324364.1|,88.48,217,23,2,1,216,326,111,4e-68,268
Methylotenera mobilis,ERR1942283.28,gi|397787509|dbj|AB698738.1|,100.00,218,0,0,1,218,326,109,1e-108,403
bacterium WH3-2,ERR1942283.29,gi|380850756|gb|JQ269305.1|,92.25,142,10,1,1,141,366,225,2e-47,200
Acidovorax sp.,ERR1942283.30,gi|1181747176|gb|KY883995.1|,99.55,221,0,1,1,220,310,90,4e-108,401
Methylophilus quaylei,ERR1942283.31,gi|1137165631|gb|AY772089.2|,100.00,232,0,0,1,232,297,66,2e-116,429
Mycobacterium sp. 62/1,ERR1942283.32,gi|683524185|gb|KM096753.1|,99.10,223,1,1,1,222,260,38,1e-107,399
Methylophilus quaylei,ERR1942283.33,gi|1137165631|gb|AY772089.2|,100.00,235,0,0,1,235,297,63,4e-118,435
Methylobacillus methanolivorans,ERR1942283.34,gi|1384992347|ref|NR_156096.1|,99.56,228,0,1,1,227,298,71,5e-112,414
Ginkgo biloba,ERR1942283.35,gi|1417785550|gb|MG922664.1|,96.52,230,8,0,1,230,107760,107531,5e-102,381
Ginkgo biloba,ERR1942283.35,gi|1417785550|gb|MG922664.1|,96.52,230,8,0,1,230,148486,148715,5e-102,381
Diaphorobacter sp.,ERR1942283.36,gi|1419235357|gb|MH588162.1|,99.11,224,2,0,1,224,262,39,1e-108,403
Saccharothrix syringae,ERR1942283.37,gi|343201052|ref|NR_041739.1|,94.58,240,13,0,1,240,321,82,3e-99,372
Methylophilus quaylei,ERR1942283.38,gi|1137165631|gb|AY772089.2|,99.13,231,2,0,1,231,297,67,1e-112,416
Dermacoccus sp.,ERR1942283.39,gi|1407776578|gb|MH512531.1|,98.28,233,4,0,1,233,294,62,2e-110,409
Lactobacillales bacterium DJF_B280,ERR1942283.40,gi|189473820|gb|EU728724.1|,91.78,219,15,3,1,218,342,126,4e-78,302
bacterium S3-021-16S,ERR1942283.41,gi|1127547589|gb|KX906771.1|,95.81,215,9,0,1,215,270,56,5e-92,348
Burkholderia lata,ERR1942283.42,gi|1438577966|gb|MH537749.1|,100.00,230,0,0,1,230,300,71,2e-115,425
Clostridiales bacterium 30-4c,ERR1942283.44,gi|312064780|gb|HQ452853.1|,95.83,216,9,0,1,216,330,115,1e-92,350
Rhodanobacter caeni,ERR1942283.45,gi|1331180984|gb|MF136416.1|,88.51,235,22,5,3,237,279,50,2e-71,279
Cloacibacterium sp. O15.2,ERR1942283.46,gi|914722613|gb|KT354270.1|,100.00,215,0,0,1,215,259,45,5e-107,398
Clostridium sp. 619,ERR1942283.47,gi|399219965|dbj|AB739698.1|,95.65,207,9,0,1,207,344,138,1e-87,333
Acidovorax sp.,ERR1942283.48,gi|1181747176|gb|KY883995.1|,100.00,221,0,0,1,221,310,90,2e-110,409
Acidovorax sp.,ERR1942283.49,gi|1181747176|gb|KY883995.1|,100.00,221,0,0,1,221,310,90,2e-110,409
Methylophilus quaylei,ERR1942283.50,gi|1137165631|gb|AY772089.2|,100.00,232,0,0,1,232,297,66,2e-116,429
Methylophilus quaylei,ERR1942283.51,gi|1137165631|gb|AY772089.2|,99.57,234,1,0,1,234,297,64,7e-116,427
bacterium,ERR1942283.52,gi|301207571|gb|HM670920.1|,100.00,236,0,0,1,236,309,74,1e-118,436
Methylophilus quaylei,ERR1942283.53,gi|1137165631|gb|AY772089.2|,100.00,234,0,0,1,234,297,64,1e-117,433
Actinomadura sp. ATC26,ERR1942283.54,gi|973690546|gb|KU382273.1|,98.32,238,4,0,1,238,314,77,4e-113,418
Cutibacterium acnes,ERR1942283.55,gi|1285277047|gb|MG597274.1|,96.62,237,8,0,1,237,260,24,7e-106,394
Cloacibacterium sp. O15.2,ERR1942283.56,gi|914722613|gb|KT354270.1|,100.00,216,0,0,1,216,259,44,1e-107,399
Parcubacteria group bacterium GW2011_GWC2_32_10,ERR1942283.57,gi|1118703721|gb|KX123634.1|,91.11,225,20,0,1,225,303,79,3e-79,305
Acidovorax sp.,ERR1942283.58,gi|1181747176|gb|KY883995.1|,98.62,218,3,0,1,218,310,93,1e-103,387
Cutibacterium acnes,ERR1942283.59,gi|1285277047|gb|MG597274.1|,100.00,237,0,0,1,237,260,24,3e-119,438
Acidovorax sp.,ERR1942283.60,gi|1181747176|gb|KY883995.1|,100.00,221,0,0,1,221,310,90,2e-110,409
Pelomonas sp.,ERR1942283.61,gi|1435888446|gb|MH698912.1|,99.47,189,1,0,1,189,306,118,5e-91,344
Acinetobacter indicus,ERR1942283.62,gi|1098884203|gb|KX955268.1|,100.00,189,0,0,1,189,194,6,1e-92,350
Methylophilus quaylei,ERR1942283.63,gi|1137165631|gb|AY772089.2|,100.00,232,0,0,1,232,297,66,2e-116,429
Ruminococcus sp.,ERR1942283.64,gi|1191949042|gb|KY643813.1|,95.12,205,10,0,1,205,277,73,8e-85,324
Mycobacterium talmoniae,ERR1942283.65,gi|50059577|gb|AY624367.1|,97.77,224,5,0,1,224,303,80,1e-103,387
Acidovorax sp.,ERR1942283.66,gi|1181747176|gb|KY883995.1|,100.00,221,0,0,1,221,310,90,2e-110,409
Microbacterium oxydans,ERR1942283.67,gi|1411198095|gb|MF671974.1|,100.00,230,0,0,1,230,244,15,2e-115,425
Acidovorax sp.,ERR1942283.68,gi|1181747176|gb|KY883995.1|,100.00,221,0,0,1,221,310,90,2e-110,409
Streptomyces sp. B1S171,ERR1942283.69,gi|1018684288|gb|KU976972.1|,99.55,224,1,0,1,224,304,81,2e-110,409
Diaphorobacter sp.,ERR1942283.70,gi|1419235357|gb|MH588162.1|,100.00,218,0,0,1,218,262,45,1e-108,403
Sphingobium vulgare,ERR1942283.71,gi|1001910402|gb|KT820009.1|,99.54,218,1,0,1,218,240,23,5e-107,398
Mycolicibacterium tusciae JS617,ERR1942283.72,gi|21686162|gb|AF498655.1|,99.57,233,1,0,1,233,326,94,2e-115,425
Acidovorax sp.,ERR1942283.73,gi|1181747176|gb|KY883995.1|,99.55,221,1,0,1,221,310,90,1e-108,403
Nocardioides sp.,ERR1942283.74,gi|1009083250|gb|KU891803.1|,97.74,221,5,0,1,221,305,85,5e-102,381
Gentiana veitchiorum,ERR1942283.75,gi|1418586504|ref|NC_037985.1|,100.00,186,0,0,1,186,93379,93194,5e-91,344
Gentiana veitchiorum,ERR1942283.75,gi|1418586504|ref|NC_037985.1|,100.00,186,0,0,1,186,122021,122206,5e-91,344
Methylophilus quaylei,ERR1942283.76,gi|1137165631|gb|AY772089.2|,100.00,229,0,0,1,229,297,69,8e-115,424
Acidovorax sp.,ERR1942283.77,gi|1181747176|gb|KY883995.1|,100.00,222,0,0,1,222,310,89,6e-111,411
Nocardioides sp. RHLT1-14,ERR1942283.78,gi|422740366|gb|JX949463.1|,95.98,224,7,2,1,223,249,27,2e-96,363
Nocardioides sp.,ERR1942283.79,gi|1009083250|gb|KU891803.1|,97.32,224,6,0,1,224,305,82,5e-102,381
Diaphorobacter sp.,ERR1942283.80,gi|1419235357|gb|MH588162.1|,100.00,217,0,0,1,217,262,46,4e-108,401
Cloacibacterium sp. O15.2,ERR1942283.81,gi|914722613|gb|KT354270.1|,100.00,215,0,0,1,215,259,45,5e-107,398
Nocardioides sp.,ERR1942283.82,gi|1009083250|gb|KU891803.1|,97.80,227,5,0,1,227,305,79,2e-105,392
Gentiana veitchiorum,ERR1942283.83,gi|1418586504|ref|NC_037985.1|,99.55,223,0,1,1,222,93379,93157,3e-109,405
Gentiana veitchiorum,ERR1942283.83,gi|1418586504|ref|NC_037985.1|,99.55,223,0,1,1,222,122021,122243,3e-109,405
Flexivirga oryzae,ERR1942283.84,gi|1384992314|ref|NR_156063.1|,98.72,235,3,0,1,235,309,75,4e-113,418
Acinetobacter indicus,ERR1942283.85,gi|1043113295|gb|KU507503.1|,99.10,221,2,0,1,221,240,20,5e-107,398
Acidovorax sp.,ERR1942283.86,gi|1181747176|gb|KY883995.1|,100.00,222,0,0,1,222,310,89,6e-111,411
Cuneatibacter caecimuris,ERR1942283.87,gi|1109168019|ref|NR_144608.1|,93.90,246,13,2,1,246,344,101,1e-98,370
Dermacoccaceae bacterium C5-30,ERR1942283.88,gi|971456303|emb|LN852383.1|,97.01,234,7,0,1,234,298,65,7e-106,394
Mycolicibacterium tusciae,ERR1942283.89,gi|25140410|gb|AY148207.1|,98.68,227,3,0,1,227,276,50,1e-108,403
Acidovorax sp.,ERR1942283.91,gi|1181747176|gb|KY883995.1|,99.55,224,1,0,1,224,310,87,2e-110,409
Geosporobacter sp. LAM1220,ERR1942283.92,gi|528281252|gb|KF311769.1|,84.78,230,25,10,2,227,336,113,3e-54,222
Mycobacterium sp. DM-11,ERR1942283.93,gi|77799232|emb|AM113987.1|,98.23,226,4,0,1,226,325,100,2e-106,396
bacterium,ERR1942283.94,gi|301207571|gb|HM670920.1|,100.00,236,0,0,1,236,309,74,1e-118,436
Cutibacterium acnes,ERR1942283.95,gi|1285277047|gb|MG597274.1|,99.58,237,1,0,1,237,260,24,1e-117,433
Bacteroides stercoris,ERR1942283.96,gi|408534919|dbj|AB714307.1|,91.46,246,19,2,1,245,318,74,3e-89,339
Cloacibacterium normanense,ERR1942283.97,gi|1125677790|gb|KY393024.1|,100.00,224,0,0,1,224,290,67,5e-112,414
Nocardia sp. AR23308,ERR1942283.98,gi|1069561880|gb|KX881394.1|,97.67,215,5,0,1,215,242,28,1e-98,370
Nocardioides sp.,ERR1942283.99,gi|1009083250|gb|KU891803.1|,98.38,185,2,1,1,185,305,122,7e-85,324
Acidovorax sp.,ERR1942283.100,gi|1181747176|gb|KY883995.1|,100.00,222,0,0,1,222,310,89,6e-111,411
Acidovorax sp.,ERR1942283.101,gi|1181747176|gb|KY883995.1|,100.00,221,0,0,1,221,310,90,2e-110,409
Cutibacterium acnes,ERR1942283.102,gi|1285277047|gb|MG597274.1|,99.58,237,1,0,1,237,260,24,1e-117,433
Nocardia sp. AR23308,ERR1942283.103,gi|1069561880|gb|KX881394.1|,97.67,215,5,0,1,215,242,28,1e-98,370
Acidovorax sp.,ERR1942283.104,gi|1181747176|gb|KY883995.1|,100.00,222,0,0,1,222,310,89,6e-111,411
Bacteroidales bacterium R61,ERR1942283.105,gi|444740531|dbj|AB730657.1|,84.40,250,29,6,2,248,332,90,1e-58,237
Ruminococcus sp.,ERR1942283.106,gi|1191949042|gb|KY643813.1|,95.45,198,9,0,2,199,276,79,1e-82,316
bacterium,ERR1942283.107,gi|301240084|gb|HM703433.1|,88.48,243,24,4,1,240,308,67,9e-75,291
Acidovorax sp.,ERR1942283.108,gi|1181747176|gb|KY883995.1|,99.07,214,2,0,1,214,310,97,4e-103,385
Gentiana veitchiorum,ERR1942283.109,gi|1418586504|ref|NC_037985.1|,100.00,223,0,0,1,223,93379,93157,2e-111,412
Gentiana veitchiorum,ERR1942283.109,gi|1418586504|ref|NC_037985.1|,100.00,223,0,0,1,223,122021,122243,2e-111,412
Diaphorobacter sp.,ERR1942283.110,gi|1419235357|gb|MH588162.1|,99.55,222,1,0,1,222,262,41,3e-109,405
Dechloromonas agitata,ERR1942283.111,gi|1261492558|gb|MG205615.1|,100.00,216,0,0,1,216,302,87,1e-107,399
bacterium XPD3003,ERR1942283.112,gi|575791933|gb|KF698496.1|,87.16,218,24,4,1,216,331,116,7e-61,244
bacterium FB2012,ERR1942283.113,gi|575790801|gb|KF697933.1|,89.52,210,18,4,1,208,313,106,1e-67,267
Knoellia sp. R-43101,ERR1942283.114,gi|308814760|emb|FR682681.1|,99.13,230,2,0,1,230,308,79,5e-112,414
Nocardioides sp.,ERR1942283.115,gi|1009083250|gb|KU891803.1|,96.97,231,7,0,1,231,305,75,3e-104,388
Methylophilus quaylei,ERR1942283.116,gi|1137165631|gb|AY772089.2|,100.00,232,0,0,1,232,297,66,2e-116,429
Acidovorax sp.,ERR1942283.117,gi|1181747176|gb|KY883995.1|,99.55,221,1,0,1,221,310,90,1e-108,403
Cloacibacterium normanense,ERR1942283.118,gi|1125677790|gb|KY393024.1|,100.00,224,0,0,1,224,290,67,5e-112,414
Acidovorax sp.,ERR1942283.119,gi|1181747176|gb|KY883995.1|,100.00,221,0,0,1,221,310,90,2e-110,409
Hydrogenophilus thermoluteolus,ERR1942283.120,gi|1407714244|dbj|AP018558.1|,100.00,242,0,0,1,242,217627,217386,5e-122,448
Hydrogenophilus thermoluteolus,ERR1942283.120,gi|1407714244|dbj|AP018558.1|,99.59,242,1,0,1,242,1092452,1092211,2e-120,442
Hydrogenophilus thermoluteolus,ERR1942283.120,gi|1407714244|dbj|AP018558.1|,99.59,242,1,0,1,242,1695816,1696057,2e-120,442
Methylotenera mobilis,ERR1942283.121,gi|397787509|dbj|AB698738.1|,100.00,218,0,0,1,218,326,109,1e-108,403
Sphingobium vulgare,ERR1942283.122,gi|1001910402|gb|KT820009.1|,99.54,218,1,0,1,218,240,23,5e-107,398
actinomycete S23434,ERR1942283.123,gi|1418193|dbj|D84625.1|,94.09,220,11,2,1,220,303,86,1e-87,333
rumen bacterium R-21,ERR1942283.124,gi|78210758|dbj|AB239487.1|,90.18,224,19,2,1,223,346,125,3e-74,289
Cloacibacterium normanense,ERR1942283.125,gi|1125677790|gb|KY393024.1|,100.00,223,0,0,1,223,290,68,2e-111,412
bacterium,ERR1942283.126,gi|224039107|gb|FJ662748.1|,98.64,221,3,0,1,221,303,83,2e-105,392
Acidovorax sp.,ERR1942283.127,gi|1181747176|gb|KY883995.1|,100.00,222,0,0,1,222,310,89,6e-111,411
Actinomadura sp. ATC26,ERR1942283.128,gi|973690546|gb|KU382273.1|,98.34,241,4,0,1,241,314,74,9e-115,424
Methylophilus quaylei,ERR1942283.129,gi|1137165631|gb|AY772089.2|,100.00,232,0,0,1,232,297,66,2e-116,429
bacterium S3-021-16S,ERR1942283.130,gi|1127547589|gb|KX906771.1|,99.57,232,1,0,1,232,270,39,8e-115,424
Gentiana veitchiorum,ERR1942283.131,gi|1418586504|ref|NC_037985.1|,100.00,188,0,0,1,188,93379,93192,4e-92,348
Gentiana veitchiorum,ERR1942283.131,gi|1418586504|ref|NC_037985.1|,100.00,188,0,0,1,188,122021,122208,4e-92,348
Bartonella sp. 1-1C,ERR1942283.132,gi|1269846018|gb|CP019489.1|,99.10,222,2,0,1,222,1203660,1203881,1e-107,399
Bartonella sp. 1-1C,ERR1942283.132,gi|1269846018|gb|CP019489.1|,99.10,222,2,0,1,222,1229557,1229778,1e-107,399
Diaphorobacter sp.,ERR1942283.133,gi|1419235357|gb|MH588162.1|,100.00,218,0,0,1,218,262,45,1e-108,403
Burkholderia lata,ERR1942283.134,gi|1438577966|gb|MH537749.1|,99.55,224,1,0,1,224,300,77,2e-110,409
Acidovorax soli,ERR1942283.135,gi|1388321988|gb|MH325354.1|,99.54,218,1,0,1,218,274,57,5e-107,398
Knoellia sp. R-43101,ERR1942283.136,gi|308814760|emb|FR682681.1|,99.55,223,1,0,1,223,308,86,8e-110,407
Methylophilus quaylei,ERR1942283.137,gi|1137165631|gb|AY772089.2|,100.00,234,0,0,1,234,297,64,1e-117,433
Nocardioides sp.,ERR1942283.138,gi|1009083250|gb|KU891803.1|,98.22,225,4,0,1,225,305,81,6e-106,394
Prevotella melaninogenica,ERR1942283.139,gi|1139283763|emb|LT697487.1|,86.64,232,31,0,1,232,317,86,9e-65,257
Synedra hyperborea,ERR1942283.140,gi|197359086|gb|FJ002235.1|,98.14,215,3,1,1,214,290,76,8e-100,374
Acidovorax temperans,ERR1942283.141,gi|1348203275|gb|MG982481.1|,100.00,222,0,0,1,222,322,101,6e-111,411
Gentiana veitchiorum,ERR1942283.142,gi|1418586504|ref|NC_037985.1|,100.00,222,0,0,1,222,93379,93158,6e-111,411
Gentiana veitchiorum,ERR1942283.142,gi|1418586504|ref|NC_037985.1|,100.00,222,0,0,1,222,122021,122242,6e-111,411
Acidovorax sp.,ERR1942283.143,gi|1181747176|gb|KY883995.1|,100.00,189,0,0,1,189,310,122,1e-92,350
Agitococcus lubricus,ERR1942283.144,gi|559795277|ref|NR_104868.1|,96.97,231,7,0,1,231,309,79,3e-104,388
Acidovorax sp.,ERR1942283.145,gi|1181747176|gb|KY883995.1|,100.00,222,0,0,1,222,310,89,6e-111,411
Acidovorax sp.,ERR1942283.146,gi|1181747176|gb|KY883995.1|,100.00,221,0,0,1,221,310,90,2e-110,409
Bacteroides uniformis,ERR1942283.147,gi|927657595|dbj|LC033796.1|,86.53,193,21,5,1,191,339,150,7e-50,207
Actinomadura gamaensis,ERR1942283.148,gi|1179766710|ref|NR_146660.1|,93.28,238,9,7,1,234,325,91,7e-91,344
Methylophilus quaylei,ERR1942283.149,gi|1137165631|gb|AY772089.2|,100.00,232,0,0,1,232,297,66,2e-116,429
Acidovorax sp.,ERR1942283.150,gi|1181747176|gb|KY883995.1|,99.10,222,2,0,1,222,310,89,4e-108,401
Acidovorax sp.,ERR1942283.151,gi|1181747176|gb|KY883995.1|,99.55,222,1,0,1,222,310,89,3e-109,405
Acidovorax sp.,ERR1942283.152,gi|1181747176|gb|KY883995.1|,100.00,222,0,0,1,222,310,89,6e-111,411
bacterium P2G6,ERR1942283.153,gi|676402755|gb|KM043766.1|,90.95,210,16,2,1,208,266,58,2e-71,279
Staphylococcus succinus,ERR1942283.154,gi|1433046494|gb|MG322296.1|,100.00,222,0,0,1,222,296,75,6e-111,411
Mycobacterium sp. smRA94,ERR1942283.155,gi|657636071|gb|KJ476188.1|,98.66,224,3,0,1,224,292,69,5e-107,398
Acidovorax sp.,ERR1942283.156,gi|1181747176|gb|KY883995.1|,100.00,222,0,0,1,222,310,89,6e-111,411
Methylophilus quaylei,ERR1942283.157,gi|1137165631|gb|AY772089.2|,100.00,232,0,0,1,232,297,66,2e-116,429
Acidovorax sp.,ERR1942283.158,gi|1181747176|gb|KY883995.1|,100.00,222,0,0,1,222,310,89,6e-111,411
Acidovorax sp.,ERR1942283.159,gi|1181747176|gb|KY883995.1|,100.00,221,0,0,1,221,310,90,2e-110,409
Methylophilus quaylei,ERR1942283.160,gi|1137165631|gb|AY772089.2|,99.57,232,1,0,1,232,297,66,8e-115,424
Cutibacterium acnes,ERR1942283.161,gi|1285277047|gb|MG597274.1|,100.00,237,0,0,1,237,260,24,3e-119,438
Methylophilus flavus,ERR1942283.162,gi|1243964783|gb|MF977752.1|,99.14,232,2,0,1,232,298,67,4e-113,418
Acidovorax sp.,ERR1942283.163,gi|1181747176|gb|KY883995.1|,100.00,222,0,0,1,222,310,89,6e-111,411
Gentiana veitchiorum,ERR1942283.164,gi|1418586504|ref|NC_037985.1|,99.45,181,1,0,1,181,93379,93199,1e-86,329
Gentiana veitchiorum,ERR1942283.164,gi|1418586504|ref|NC_037985.1|,99.45,181,1,0,1,181,122021,122201,1e-86,329
Acinetobacter haemolyticus,ERR1942283.166,gi|1427940761|gb|CP030880.1|,100.00,222,0,0,1,222,16647,16426,6e-111,411
Acinetobacter haemolyticus,ERR1942283.166,gi|1427940761|gb|CP030880.1|,100.00,222,0,0,1,222,510668,510447,6e-111,411
Acinetobacter haemolyticus,ERR1942283.166,gi|1427940761|gb|CP030880.1|,100.00,222,0,0,1,222,2802817,2803038,6e-111,411
Acinetobacter haemolyticus,ERR1942283.166,gi|1427940761|gb|CP030880.1|,100.00,222,0,0,1,222,2946396,2946617,6e-111,411
Acinetobacter haemolyticus,ERR1942283.166,gi|1427940761|gb|CP030880.1|,100.00,222,0,0,1,222,3254715,3254936,6e-111,411
Acinetobacter haemolyticus,ERR1942283.166,gi|1427940761|gb|CP030880.1|,100.00,222,0,0,1,222,3406100,3406321,6e-111,411
Mycobacterium talmoniae,ERR1942283.167,gi|50059577|gb|AY624367.1|,97.47,198,4,1,1,197,303,106,9e-89,337
Methylophilus quaylei,ERR1942283.168,gi|1137165631|gb|AY772089.2|,99.57,232,1,0,1,232,297,66,8e-115,424
Acidovorax temperans,ERR1942283.170,gi|1348203275|gb|MG982481.1|,100.00,222,0,0,1,222,322,101,6e-111,411
bacterium A7(2010),ERR1942283.171,gi|295981488|emb|FN821378.1|,85.71,196,18,9,2,192,342,152,5e-47,198
Methylophilus quaylei,ERR1942283.174,gi|1137165631|gb|AY772089.2|,100.00,234,0,0,1,234,297,64,1e-117,433
Acidovorax sp.,ERR1942283.175,gi|1181747176|gb|KY883995.1|,99.55,221,1,0,1,221,310,90,1e-108,403
Nocardia sp. AR23308,ERR1942283.176,gi|1069561880|gb|KX881394.1|,97.67,215,5,0,1,215,242,28,1e-98,370
Acidovorax sp.,ERR1942283.177,gi|1181747176|gb|KY883995.1|,99.55,222,1,0,1,222,310,89,3e-109,405
Nocardioides sp.,ERR1942283.178,gi|1009083250|gb|KU891803.1|,98.73,157,2,0,1,157,305,149,1e-71,279
Cloacibacterium normanense,ERR1942283.179,gi|1125677790|gb|KY393024.1|,100.00,224,0,0,1,224,290,67,5e-112,414
Cloacibacterium sp. O15.2,ERR1942283.180,gi|914722613|gb|KT354270.1|,100.00,215,0,0,1,215,259,45,5e-107,398
Cutibacterium acnes,ERR1942283.181,gi|1285277047|gb|MG597274.1|,100.00,237,0,0,1,237,260,24,3e-119,438
Streptomyces sp.,ERR1942283.182,gi|1325336607|gb|MG770748.1|,99.07,216,2,0,1,216,308,93,3e-104,388
bacterium S3-021-16S,ERR1942283.183,gi|1127547589|gb|KX906771.1|,99.56,225,1,0,1,225,270,46,6e-111,411
Mycobacterium sp. 62/1,ERR1942283.185,gi|683524185|gb|KM096753.1|,100.00,223,0,0,1,223,260,38,2e-111,412
Rhodoferax sp. K129,ERR1942283.186,gi|985651414|gb|KU233243.1|,98.62,217,3,0,1,217,279,63,4e-103,385
Acidovorax sp.,ERR1942283.187,gi|1181747176|gb|KY883995.1|,99.55,221,1,0,1,221,310,90,1e-108,403
Diaphorobacter sp.,ERR1942283.189,gi|1419235357|gb|MH588162.1|,100.00,218,0,0,1,218,262,45,1e-108,403
Acidovorax sp.,ERR1942283.190,gi|1181747176|gb|KY883995.1|,100.00,221,0,0,1,221,310,90,2e-110,409
Acidovorax sp.,ERR1942283.191,gi|1181747176|gb|KY883995.1|,100.00,189,0,0,1,189,310,122,1e-92,350
Rothia mucilaginosa,ERR1942283.192,gi|1395135244|gb|MH429805.1|,100.00,199,0,0,1,199,310,112,3e-98,368
bacterium FB2012,ERR1942283.193,gi|575790801|gb|KF697933.1|,89.52,210,18,4,1,208,313,106,1e-67,267
Streptomyces sp.,ERR1942283.194,gi|1417910244|gb|MH559317.1|,100.00,224,0,0,1,224,266,43,5e-112,414
Acidovorax sp.,ERR1942283.195,gi|1181747176|gb|KY883995.1|,100.00,222,0,0,1,222,310,89,6e-111,411
Clostridiales bacterium CIEAF 021,ERR1942283.196,gi|388556172|dbj|AB702937.1|,89.90,198,16,4,1,196,349,154,3e-63,252
Methylophilus flavus,ERR1942283.197,gi|1243964783|gb|MF977752.1|,100.00,232,0,0,1,232,298,67,2e-116,429
bacterium 52-L049642-122-014-D07,ERR1942283.198,gi|449551447|gb|JX228265.1|,97.90,238,5,0,1,238,276,39,2e-111,412
Lactobacillales bacterium HY-36-1,ERR1942283.199,gi|50982924|gb|AY581272.1|,90.79,228,16,5,1,226,306,82,1e-77,300
Cutibacterium acnes,ERR1942283.200,gi|285173027|gb|GU413908.1|,97.05,237,7,0,1,237,308,72,1e-107,399
Acidovorax sp.,ERR1942283.201,gi|1181747176|gb|KY883995.1|,100.00,222,0,0,1,222,310,89,6e-111,411
Methylotenera mobilis,ERR1942283.202,gi|397787509|dbj|AB698738.1|,100.00,217,0,0,1,217,326,110,4e-108,401
Methylophilus quaylei,ERR1942283.203,gi|1137165631|gb|AY772089.2|,100.00,232,0,0,1,232,297,66,2e-116,429
Acidovorax sp.,ERR1942283.204,gi|1181747176|gb|KY883995.1|,100.00,222,0,0,1,222,310,89,6e-111,411
Methylophilus flavus,ERR1942283.205,gi|1243964783|gb|MF977752.1|,100.00,232,0,0,1,232,298,67,2e-116,429
Gentiana veitchiorum,ERR1942283.206,gi|1418586504|ref|NC_037985.1|,100.00,174,0,0,1,174,93379,93206,2e-84,322
Gentiana veitchiorum,ERR1942283.206,gi|1418586504|ref|NC_037985.1|,100.00,174,0,0,1,174,122021,122194,2e-84,322
Cloacibacterium normanense,ERR1942283.207,gi|1125677790|gb|KY393024.1|,100.00,224,0,0,1,224,290,67,5e-112,414
Acidovorax sp.,ERR1942283.208,gi|1181747176|gb|KY883995.1|,99.55,222,1,0,1,222,310,89,3e-109,405
Methylophilus quaylei,ERR1942283.209,gi|1137165631|gb|AY772089.2|,100.00,234,0,0,1,234,297,64,1e-117,433
Acinetobacter indicus,ERR1942283.210,gi|1043113295|gb|KU507503.1|,100.00,222,0,0,1,222,240,19,6e-111,411
Mycobacterium talmoniae,ERR1942283.211,gi|50059577|gb|AY624367.1|,98.17,219,4,0,1,219,303,85,1e-102,383
Methylophilus quaylei,ERR1942283.212,gi|1137165631|gb|AY772089.2|,100.00,234,0,0,1,234,297,64,1e-117,433
Chujaibacter soli,ERR1942283.213,gi|1137647757|ref|NR_145539.1|,92.16,204,2,3,2,205,313,124,2e-70,276
Acidovorax sp.,ERR1942283.214,gi|1181747176|gb|KY883995.1|,100.00,221,0,0,1,221,310,90,2e-110,409
Acidovorax sp.,ERR1942283.215,gi|1181747176|gb|KY883995.1|,100.00,222,0,0,1,222,310,89,6e-111,411
Acidovorax sp.,ERR1942283.216,gi|1181747176|gb|KY883995.1|,100.00,221,0,0,1,221,310,90,2e-110,409
Acidovorax sp.,ERR1942283.217,gi|1181747176|gb|KY883995.1|,100.00,221,0,0,1,221,310,90,2e-110,409
Acidovorax sp.,ERR1942283.218,gi|1181747176|gb|KY883995.1|,100.00,189,0,0,1,189,310,122,1e-92,350
Acidovorax sp.,ERR1942283.219,gi|1181747176|gb|KY883995.1|,100.00,222,0,0,1,222,310,89,6e-111,411
Mycobacterium talmoniae,ERR1942283.220,gi|50059577|gb|AY624367.1|,98.17,219,4,0,1,219,303,85,1e-102,383
Acinetobacter junii,ERR1942283.221,gi|1347869435|gb|KY828597.1|,96.61,177,5,1,1,177,259,84,2e-75,292
bacterium NB4001,ERR1942283.222,gi|575791438|gb|KF698249.1|,87.17,226,25,4,2,225,341,118,1e-63,254
Galbibacter marinus,ERR1942283.223,gi|566084857|ref|NR_108285.1|,98.49,199,3,0,1,199,327,129,3e-93,351
Acidovorax temperans,ERR1942283.224,gi|1348203275|gb|MG982481.1|,99.55,222,1,0,1,222,322,101,3e-109,405
Methylophilus quaylei,ERR1942283.225,gi|1137165631|gb|AY772089.2|,99.57,234,1,0,1,234,297,64,7e-116,427
bacterium S3-021-16S,ERR1942283.226,gi|1127547589|gb|KX906771.1|,99.57,232,1,0,1,232,270,39,8e-115,424
Gentiana veitchiorum,ERR1942283.227,gi|1418586504|ref|NC_037985.1|,100.00,187,0,0,1,187,93379,93193,1e-91,346
Gentiana veitchiorum,ERR1942283.227,gi|1418586504|ref|NC_037985.1|,100.00,187,0,0,1,187,122021,122207,1e-91,346
Clostridiales bacterium CIEAF 012,ERR1942283.228,gi|388556162|dbj|AB702927.1|,97.92,240,5,0,1,240,349,110,1e-112,416
bacterium FB2012,ERR1942283.229,gi|575790801|gb|KF697933.1|,89.52,210,18,4,1,208,313,106,1e-67,267
Methylophilus quaylei,ERR1942283.230,gi|1137165631|gb|AY772089.2|,100.00,229,0,0,1,229,297,69,8e-115,424
Mycobacterium sp. 62/1,ERR1942283.231,gi|683524185|gb|KM096753.1|,100.00,224,0,0,1,224,260,37,5e-112,414
Methylophilus quaylei,ERR1942283.232,gi|1137165631|gb|AY772089.2|,100.00,232,0,0,1,232,297,66,2e-116,429
Mycobacterium sp. DM-11,ERR1942283.233,gi|77799232|emb|AM113987.1|,98.67,225,3,0,1,225,325,101,1e-107,399
Cuneatibacter caecimuris,ERR1942283.234,gi|1109168019|ref|NR_144608.1|,93.90,246,13,2,1,246,344,101,1e-98,370
Gentiana veitchiorum,ERR1942283.235,gi|1418586504|ref|NC_037985.1|,100.00,180,0,0,1,180,93379,93200,1e-87,333
Gentiana veitchiorum,ERR1942283.235,gi|1418586504|ref|NC_037985.1|,100.00,180,0,0,1,180,122021,122200,1e-87,333
Bartonella sp. 1-1C,ERR1942283.236,gi|1269846018|gb|CP019489.1|,99.10,222,2,0,1,222,1203660,1203881,1e-107,399
Bartonella sp. 1-1C,ERR1942283.236,gi|1269846018|gb|CP019489.1|,99.10,222,2,0,1,222,1229557,1229778,1e-107,399
Acidovorax sp.,ERR1942283.238,gi|1181747176|gb|KY883995.1|,100.00,189,0,0,1,189,310,122,1e-92,350
Cloacibacterium normanense,ERR1942283.239,gi|1125677790|gb|KY393024.1|,100.00,223,0,0,1,223,290,68,2e-111,412
Cloacibacterium normanense,ERR1942283.240,gi|1125677790|gb|KY393024.1|,100.00,224,0,0,1,224,290,67,5e-112,414
Methylophilus luteus,ERR1942283.241,gi|1383503009|gb|MH255359.1|,99.50,202,1,0,1,202,263,62,3e-98,368
Methylophilus flavus,ERR1942283.242,gi|1243964783|gb|MF977752.1|,100.00,232,0,0,1,232,298,67,2e-116,429
Flavobacterium sasangense,ERR1942283.243,gi|1125677800|gb|KY393034.1|,99.56,227,1,0,1,227,290,64,5e-112,414
Nocardioides sp.,ERR1942283.244,gi|1009083250|gb|KU891803.1|,98.91,184,2,0,1,184,305,122,1e-86,329
Gentiana veitchiorum,ERR1942283.246,gi|1418586504|ref|NC_037985.1|,99.44,178,0,1,1,178,93379,93203,2e-84,322
Gentiana veitchiorum,ERR1942283.246,gi|1418586504|ref|NC_037985.1|,99.44,178,0,1,1,178,122021,122197,2e-84,322
Acidovorax sp.,ERR1942283.249,gi|1181747176|gb|KY883995.1|,99.55,222,1,0,1,222,310,89,3e-109,405
Methylophilus quaylei,ERR1942283.250,gi|1137165631|gb|AY772089.2|,97.56,205,4,1,1,205,297,94,1e-92,350
bacterium S3-021-16S,ERR1942283.251,gi|1127547589|gb|KX906771.1|,99.57,232,1,0,1,232,270,39,8e-115,424
Methylotenera mobilis,ERR1942283.252,gi|397787509|dbj|AB698738.1|,98.19,221,4,0,1,221,326,106,1e-103,387
Cloacibacterium normanense,ERR1942283.253,gi|1125677790|gb|KY393024.1|,100.00,224,0,0,1,224,290,67,5e-112,414
bacterium WH3-2,ERR1942283.254,gi|380850756|gb|JQ269305.1|,95.35,215,9,1,1,214,366,152,8e-90,340
bacterium S3-021-16S,ERR1942283.255,gi|1127547589|gb|KX906771.1|,99.57,232,1,0,1,232,270,39,8e-115,424
Mycolicibacterium tusciae JS617,ERR1942283.256,gi|21686162|gb|AF498655.1|,99.14,233,2,0,1,233,326,94,1e-113,420
Gentiana veitchiorum,ERR1942283.257,gi|1418586504|ref|NC_037985.1|,99.56,226,1,0,1,226,93379,93154,2e-111,412
Gentiana veitchiorum,ERR1942283.257,gi|1418586504|ref|NC_037985.1|,99.56,226,1,0,1,226,122021,122246,2e-111,412
Gentiana veitchiorum,ERR1942283.258,gi|1418586504|ref|NC_037985.1|,100.00,174,0,0,1,174,93379,93206,2e-84,322
Gentiana veitchiorum,ERR1942283.258,gi|1418586504|ref|NC_037985.1|,100.00,174,0,0,1,174,122021,122194,2e-84,322
Clostridiales bacterium 30-4c,ERR1942283.259,gi|312064780|gb|HQ452853.1|,95.81,215,9,0,1,215,330,116,5e-92,348
Acidovorax sp.,ERR1942283.260,gi|1181747176|gb|KY883995.1|,100.00,222,0,0,1,222,310,89,6e-111,411
Diaphorobacter sp.,ERR1942283.261,gi|1419235357|gb|MH588162.1|,100.00,218,0,0,1,218,262,45,1e-108,403
bacterium,ERR1942283.262,gi|301237385|gb|HM700734.1|,89.21,241,26,0,1,241,282,42,4e-78,302
Acidovorax sp.,ERR1942283.263,gi|1181747176|gb|KY883995.1|,100.00,195,0,0,1,195,310,116,5e-96,361
Mycobacterium sp. DM-11,ERR1942283.264,gi|77799232|emb|AM113987.1|,98.66,224,3,0,1,224,325,102,5e-107,398
Diaphorobacter sp.,ERR1942283.265,gi|1419235357|gb|MH588162.1|,100.00,219,0,0,1,219,262,44,3e-109,405
Pelomonas sp.,ERR1942283.266,gi|1435888446|gb|MH698912.1|,100.00,188,0,0,1,188,306,119,4e-92,348
Mycobacterium sp. 62/1,ERR1942283.267,gi|683524185|gb|KM096753.1|,100.00,224,0,0,1,224,260,37,5e-112,414
Gentiana veitchiorum,ERR1942283.268,gi|1418586504|ref|NC_037985.1|,99.43,174,0,1,1,173,93379,93206,4e-82,315
Gentiana veitchiorum,ERR1942283.268,gi|1418586504|ref|NC_037985.1|,99.43,174,0,1,1,173,122021,122194,4e-82,315
Methylomonas clara,ERR1942283.269,gi|429535133|emb|HF564897.1|,100.00,230,0,0,1,230,320,91,2e-115,425
Acidovorax sp.,ERR1942283.270,gi|1181747176|gb|KY883995.1|,100.00,221,0,0,1,221,310,90,2e-110,409
Nocardia sp.,ERR1942283.271,gi|1087543831|gb|KY015044.1|,98.65,222,3,0,1,222,275,54,6e-106,394
Rhodanobacter caeni,ERR1942283.273,gi|1331180984|gb|MF136416.1|,88.52,183,17,4,3,185,279,101,3e-53,219
bacterium XPD3003,ERR1942283.274,gi|575791933|gb|KF698496.1|,83.76,234,34,4,1,232,331,100,4e-53,219
Acidovorax sp.,ERR1942283.276,gi|1181747176|gb|KY883995.1|,100.00,189,0,0,1,189,310,122,1e-92,350
Cloacibacterium normanense,ERR1942283.277,gi|1125677790|gb|KY393024.1|,100.00,219,0,0,1,219,290,72,3e-109,405
Gentiana veitchiorum,ERR1942283.278,gi|1418586504|ref|NC_037985.1|,100.00,224,0,0,1,224,93379,93156,5e-112,414
Gentiana veitchiorum,ERR1942283.278,gi|1418586504|ref|NC_037985.1|,100.00,224,0,0,1,224,122021,122244,5e-112,414
Cutibacterium acnes,ERR1942283.279,gi|1285277047|gb|MG597274.1|,100.00,237,0,0,1,237,260,24,3e-119,438
Oscillibacter valericigenes,ERR1942283.280,gi|1386567541|gb|MH282444.1|,92.64,231,15,2,1,230,297,68,5e-87,331
Gentiana veitchiorum,ERR1942283.282,gi|1418586504|ref|NC_037985.1|,100.00,223,0,0,1,223,93379,93157,2e-111,412
Gentiana veitchiorum,ERR1942283.282,gi|1418586504|ref|NC_037985.1|,100.00,223,0,0,1,223,122021,122243,2e-111,412
Parcubacteria group bacterium GW2011_GWC2_32_10,ERR1942283.283,gi|1118703721|gb|KX123634.1|,91.56,225,19,0,1,225,303,79,7e-81,311
Methylophilus quaylei,ERR1942283.284,gi|1137165631|gb|AY772089.2|,100.00,228,0,0,1,228,297,70,3e-114,422
Gentiana veitchiorum,ERR1942283.285,gi|1418586504|ref|NC_037985.1|,100.00,223,0,0,1,223,93379,93157,2e-111,412
Gentiana veitchiorum,ERR1942283.285,gi|1418586504|ref|NC_037985.1|,100.00,223,0,0,1,223,122021,122243,2e-111,412
Acidovorax sp.,ERR1942283.286,gi|1181747176|gb|KY883995.1|,100.00,222,0,0,1,222,310,89,6e-111,411
Enterobacteriaceae bacterium PGBS004,ERR1942283.287,gi|185862979|gb|EU622576.1|,99.55,222,1,0,1,222,330,109,3e-109,405
Pelomonas puraquae,ERR1942283.288,gi|575426490|gb|KF817703.1|,100.00,189,0,0,1,189,277,89,1e-92,350
bacterium,ERR1942283.289,gi|301237264|gb|HM700613.1|,98.27,231,4,0,1,231,315,85,3e-109,405
Streptosporangineae bacterium 413C05,ERR1942283.290,gi|37857616|dbj|AB123060.1|,86.42,243,24,7,1,242,250,16,9e-65,257
Acidovorax sp.,ERR1942283.291,gi|1181747176|gb|KY883995.1|,100.00,221,0,0,1,221,310,90,2e-110,409
Gentiana veitchiorum,ERR1942283.292,gi|1418586504|ref|NC_037985.1|,100.00,181,0,0,1,181,93379,93199,3e-88,335
Gentiana veitchiorum,ERR1942283.292,gi|1418586504|ref|NC_037985.1|,100.00,181,0,0,1,181,122021,122201,3e-88,335
Diaphorobacter sp.,ERR1942283.293,gi|1419235357|gb|MH588162.1|,100.00,218,0,0,1,218,262,45,1e-108,403
Gentiana veitchiorum,ERR1942283.294,gi|1418586504|ref|NC_037985.1|,100.00,224,0,0,1,224,93379,93156,5e-112,414
Gentiana veitchiorum,ERR1942283.294,gi|1418586504|ref|NC_037985.1|,100.00,224,0,0,1,224,122021,122244,5e-112,414
Bacteroidales bacterium 'ARUP UnID 176',ERR1942283.295,gi|380849104|gb|JQ259372.1|,86.46,192,22,4,2,191,315,126,2e-50,209
Acidovorax sp.,ERR1942283.296,gi|1181747176|gb|KY883995.1|,100.00,222,0,0,1,222,310,89,6e-111,411
Acidovorax sp.,ERR1942283.297,gi|1181747176|gb|KY883995.1|,99.09,219,2,0,1,219,310,92,2e-106,396
bacterium S3-021-16S,ERR1942283.298,gi|1127547589|gb|KX906771.1|,99.57,230,1,0,1,230,270,41,1e-113,420
Bacteroides uniformis,ERR1942283.299,gi|927657595|dbj|LC033796.1|,86.53,193,21,5,1,191,339,150,7e-50,207
Acidovorax sp.,ERR1942283.301,gi|1181747176|gb|KY883995.1|,100.00,221,0,0,1,221,310,90,2e-110,409
Methylotenera mobilis,ERR1942283.302,gi|397787509|dbj|AB698738.1|,99.50,199,0,1,1,199,326,129,6e-96,361
bacterium,ERR1942283.303,gi|301233820|gb|HM697169.1|,100.00,223,0,0,1,223,350,128,2e-111,412
Acidovorax temperans,ERR1942283.304,gi|1348203275|gb|MG982481.1|,100.00,221,0,0,1,221,322,102,2e-110,409
Methylobacillus methanolivorans,ERR1942283.305,gi|1384992347|ref|NR_156096.1|,99.12,228,2,0,1,228,298,71,6e-111,411
Oscillibacter valericigenes,ERR1942283.306,gi|1269801610|ref|NR_074793.2|,91.15,226,16,3,1,224,351,128,1e-78,303
Cloacibacterium normanense,ERR1942283.307,gi|1125677790|gb|KY393024.1|,100.00,224,0,0,1,224,290,67,5e-112,414
Clostridiaceae bacterium SH032,ERR1942283.308,gi|166197633|dbj|AB377176.1|,83.41,223,33,4,1,221,311,91,1e-48,204
Acidovorax sp.,ERR1942283.309,gi|1181747176|gb|KY883995.1|,99.55,222,1,0,1,222,310,89,3e-109,405
Acidovorax sp.,ERR1942283.310,gi|1181747176|gb|KY883995.1|,100.00,222,0,0,1,222,310,89,6e-111,411
Cuneatibacter caecimuris,ERR1942283.311,gi|1109168019|ref|NR_144608.1|,93.33,240,14,2,1,240,344,107,1e-93,353
Acidovorax sp.,ERR1942283.312,gi|1181747176|gb|KY883995.1|,100.00,222,0,0,1,222,310,89,6e-111,411
Moraxella sp. feline oral taxon 350,ERR1942283.313,gi|728055809|gb|KM461967.1|,91.07,224,20,0,1,224,323,100,1e-78,303
Diaphorobacter sp.,ERR1942283.314,gi|1419235357|gb|MH588162.1|,100.00,218,0,0,1,218,262,45,1e-108,403
Cloacibacterium normanense,ERR1942283.315,gi|1125677790|gb|KY393024.1|,100.00,223,0,0,1,223,290,68,2e-111,412
Pseudonocardia sp. IFP 2050,ERR1942283.316,gi|410475453|gb|JX049417.1|,98.17,218,4,0,1,218,324,107,5e-102,381
Gentiana veitchiorum,ERR1942283.317,gi|1418586504|ref|NC_037985.1|,100.00,222,0,0,1,222,93379,93158,6e-111,411
Gentiana veitchiorum,ERR1942283.317,gi|1418586504|ref|NC_037985.1|,100.00,222,0,0,1,222,122021,122242,6e-111,411
Methylophilus quaylei,ERR1942283.320,gi|1137165631|gb|AY772089.2|,99.58,236,1,0,1,236,297,62,5e-117,431
Gentiana veitchiorum,ERR1942283.321,gi|1418586504|ref|NC_037985.1|,100.00,223,0,0,1,223,93379,93157,2e-111,412
Gentiana veitchiorum,ERR1942283.321,gi|1418586504|ref|NC_037985.1|,100.00,223,0,0,1,223,122021,122243,2e-111,412
Cloacibacterium normanense,ERR1942283.322,gi|1125677790|gb|KY393024.1|,100.00,224,0,0,1,224,290,67,5e-112,414
Pseudomonas sp.,ERR1942283.323,gi|1439156988|gb|MH703495.1|,100.00,222,0,0,1,222,314,93,6e-111,411
Corynebacterium tuberculostearicum,ERR1942283.324,gi|1075662684|gb|KX959619.1|,100.00,235,0,0,1,235,261,27,4e-118,435
Cutibacterium acnes,ERR1942283.325,gi|1285277047|gb|MG597274.1|,100.00,237,0,0,1,237,260,24,3e-119,438
Acidovorax sp.,ERR1942283.326,gi|1181747176|gb|KY883995.1|,100.00,222,0,0,1,222,310,89,6e-111,411
Cloacibacterium sp. O15.2,ERR1942283.327,gi|914722613|gb|KT354270.1|,100.00,215,0,0,1,215,259,45,5e-107,398
Methylotenera mobilis,ERR1942283.328,gi|397787509|dbj|AB698738.1|,100.00,217,0,0,1,217,326,110,4e-108,401
bacterium 52-L049642-122-014-D07,ERR1942283.329,gi|449551447|gb|JX228265.1|,97.93,242,5,0,1,242,276,35,1e-113,420
Diaphorobacter sp.,ERR1942283.330,gi|1419235357|gb|MH588162.1|,100.00,188,0,0,1,188,262,75,4e-92,348
Acidovorax temperans,ERR1942283.331,gi|1348203275|gb|MG982481.1|,100.00,222,0,0,1,222,322,101,6e-111,411
Streptomyces sp. B1S171,ERR1942283.332,gi|1018684288|gb|KU976972.1|,100.00,215,0,0,1,215,304,90,5e-107,398
Acidovorax sp.,ERR1942283.333,gi|1181747176|gb|KY883995.1|,99.55,222,0,1,1,221,310,89,1e-108,403
Cloacibacterium sp. O15.2,ERR1942283.334,gi|914722613|gb|KT354270.1|,100.00,216,0,0,1,216,259,44,1e-107,399
Hydrogenophilus thermoluteolus,ERR1942283.335,gi|1407714244|dbj|AP018558.1|,100.00,242,0,0,1,242,217627,217386,5e-122,448
Hydrogenophilus thermoluteolus,ERR1942283.335,gi|1407714244|dbj|AP018558.1|,99.59,242,1,0,1,242,1092452,1092211,2e-120,442
Hydrogenophilus thermoluteolus,ERR1942283.335,gi|1407714244|dbj|AP018558.1|,99.59,242,1,0,1,242,1695816,1696057,2e-120,442
Methylophilus quaylei,ERR1942283.336,gi|1137165631|gb|AY772089.2|,99.57,232,1,0,1,232,297,66,8e-115,424
Cutibacterium acnes,ERR1942283.337,gi|1285277047|gb|MG597274.1|,100.00,237,0,0,1,237,260,24,3e-119,438
Acidovorax sp.,ERR1942283.338,gi|1181747176|gb|KY883995.1|,100.00,222,0,0,1,222,310,89,6e-111,411
bacterium S3-021-16S,ERR1942283.339,gi|1127547589|gb|KX906771.1|,99.57,230,1,0,1,230,270,41,1e-113,420
Exiguobacterium acetylicum DSM 20416,ERR1942283.340,gi|1403730216|emb|LT999879.1|,100.00,218,0,0,1,218,302,85,1e-108,403
Actinomadura gamaensis,ERR1942283.341,gi|1179766710|ref|NR_146660.1|,95.83,240,5,5,1,237,325,88,1e-102,383
Pseudomonas sp.,ERR1942283.342,gi|1436225012|gb|MH271264.1|,99.55,222,1,0,1,222,234,13,3e-109,405
Nocardioides sp.,ERR1942283.343,gi|1009083250|gb|KU891803.1|,98.22,225,4,0,1,225,305,81,6e-106,394
Acidovorax sp.,ERR1942283.344,gi|1181747176|gb|KY883995.1|,100.00,222,0,0,1,222,310,89,6e-111,411
Acidovorax sp.,ERR1942283.345,gi|1181747176|gb|KY883995.1|,100.00,222,0,0,1,222,310,89,6e-111,411
Methylophilus flavus,ERR1942283.346,gi|1243964783|gb|MF977752.1|,100.00,189,0,0,1,189,298,110,1e-92,350
Microbacterium phyllosphaerae,ERR1942283.347,gi|164506996|gb|EU370409.1|,100.00,215,0,0,1,215,317,103,5e-107,398
Nocardioides sp.,ERR1942283.348,gi|1009083250|gb|KU891803.1|,97.32,224,6,0,1,224,305,82,5e-102,381
Diaphorobacter sp.,ERR1942283.349,gi|1419235357|gb|MH588162.1|,100.00,218,0,0,1,218,262,45,1e-108,403
Streptosporangineae bacterium 413C05,ERR1942283.351,gi|37857616|dbj|AB123060.1|,87.01,254,24,7,1,253,250,5,8e-71,278
Acidovorax sp.,ERR1942283.352,gi|1181747176|gb|KY883995.1|,100.00,222,0,0,1,222,310,89,6e-111,411
Acidovorax sp.,ERR1942283.353,gi|1181747176|gb|KY883995.1|,99.10,222,2,0,1,222,310,89,1e-107,399
Acidovorax sp.,ERR1942283.354,gi|1181747176|gb|KY883995.1|,100.00,195,0,0,1,195,310,116,5e-96,361
Cloacibacterium normanense,ERR1942283.355,gi|1125677790|gb|KY393024.1|,100.00,224,0,0,1,224,290,67,5e-112,414
Cloacibacterium normanense,ERR1942283.356,gi|1125677790|gb|KY393024.1|,100.00,224,0,0,1,224,290,67,5e-112,414
Acidovorax sp.,ERR1942283.357,gi|1181747176|gb|KY883995.1|,100.00,222,0,0,1,222,310,89,6e-111,411
Actinomadura gamaensis,ERR1942283.358,gi|1179766710|ref|NR_146660.1|,95.83,240,5,5,1,237,325,88,1e-102,383
Acidovorax sp.,ERR1942283.359,gi|1181747176|gb|KY883995.1|,100.00,217,0,0,1,217,310,94,4e-108,401
Acidovorax sp.,ERR1942283.360,gi|1181747176|gb|KY883995.1|,96.83,221,7,0,1,221,310,90,1e-98,370
Methylophilus quaylei,ERR1942283.361,gi|1137165631|gb|AY772089.2|,99.55,221,1,0,1,221,297,77,1e-108,403
Cloacibacterium sp. O15.2,ERR1942283.362,gi|914722613|gb|KT354270.1|,100.00,215,0,0,1,215,259,45,5e-107,398
Gentiana veitchiorum,ERR1942283.363,gi|1418586504|ref|NC_037985.1|,100.00,222,0,0,1,222,93379,93158,6e-111,411
Gentiana veitchiorum,ERR1942283.363,gi|1418586504|ref|NC_037985.1|,100.00,222,0,0,1,222,122021,122242,6e-111,411
bacterium,ERR1942283.364,gi|301207571|gb|HM670920.1|,98.73,236,1,2,1,234,309,74,4e-113,418
Streptomyces sp.,ERR1942283.365,gi|1434112848|gb|MG833389.1|,98.72,234,3,0,1,234,294,61,1e-112,416
Acidovorax sp.,ERR1942283.366,gi|1181747176|gb|KY883995.1|,99.55,222,1,0,1,222,310,89,3e-109,405
Methylophilus quaylei,ERR1942283.367,gi|1137165631|gb|AY772089.2|,100.00,232,0,0,1,232,297,66,2e-116,429
Acidovorax sp.,ERR1942283.368,gi|1181747176|gb|KY883995.1|,99.07,214,2,0,1,214,310,97,4e-103,385
bacterium WH3-2,ERR1942283.369,gi|380850756|gb|JQ269305.1|,92.25,142,10,1,1,141,366,225,1e-47,200
Nocardioides sp.,ERR1942283.370,gi|1009083250|gb|KU891803.1|,98.32,179,3,0,4,182,302,124,4e-82,315
Methylophilus flavus,ERR1942283.371,gi|1243964783|gb|MF977752.1|,99.09,219,2,0,1,219,298,80,2e-106,396
Gentiana veitchiorum,ERR1942283.372,gi|1418586504|ref|NC_037985.1|,99.53,212,0,1,1,212,93379,93169,4e-103,385
Gentiana veitchiorum,ERR1942283.372,gi|1418586504|ref|NC_037985.1|,99.53,212,0,1,1,212,122021,122231,4e-103,385
Acidovorax sp.,ERR1942283.373,gi|1181747176|gb|KY883995.1|,100.00,222,0,0,1,222,310,89,6e-111,411
Burkholderia lata,ERR1942283.374,gi|1438577966|gb|MH537749.1|,100.00,228,0,0,1,228,300,73,3e-114,422
Acidovorax sp.,ERR1942283.375,gi|1181747176|gb|KY883995.1|,99.55,221,1,0,1,221,310,90,1e-108,403
Acidovorax sp.,ERR1942283.376,gi|1181747176|gb|KY883995.1|,100.00,222,0,0,1,222,310,89,6e-111,411
Acidovorax sp.,ERR1942283.377,gi|1181747176|gb|KY883995.1|,100.00,222,0,0,1,222,310,89,6e-111,411
Methylophilus quaylei,ERR1942283.378,gi|1137165631|gb|AY772089.2|,99.57,232,1,0,1,232,297,66,8e-115,424
Acinetobacter indicus,ERR1942283.379,gi|1043113295|gb|KU507503.1|,100.00,222,0,0,1,222,240,19,6e-111,411
Acidovorax caeni,ERR1942283.380,gi|1251770494|gb|MG011567.1|,100.00,189,0,0,1,189,278,90,1e-92,350
Gentiana veitchiorum,ERR1942283.381,gi|1418586504|ref|NC_037985.1|,100.00,224,0,0,1,224,93379,93156,5e-112,414
Gentiana veitchiorum,ERR1942283.381,gi|1418586504|ref|NC_037985.1|,100.00,224,0,0,1,224,122021,122244,5e-112,414
Diaphorobacter sp.,ERR1942283.383,gi|1419235357|gb|MH588162.1|,99.10,221,2,0,1,221,262,42,5e-107,398
Corynebacterium sp. full20,ERR1942283.384,gi|448918035|gb|KC107833.1|,99.60,248,1,0,1,248,265,18,1e-123,453
bacterium,ERR1942283.385,gi|301207571|gb|HM670920.1|,99.55,222,1,0,1,222,309,88,3e-109,405
Actinomycetales bacterium,ERR1942283.386,gi|1124891002|gb|KY386542.1|,96.73,245,8,0,1,245,311,67,2e-110,409
Brevibacterium aurantiacum,ERR1942283.387,gi|1066955208|gb|CP017150.1|,98.66,224,3,0,1,224,1370137,1369914,5e-107,398
Brevibacterium aurantiacum,ERR1942283.387,gi|1066955208|gb|CP017150.1|,94.64,224,12,0,1,224,720111,719888,5e-92,348
Brevibacterium aurantiacum,ERR1942283.387,gi|1066955208|gb|CP017150.1|,94.64,224,12,0,1,224,4048380,4048603,5e-92,348
Brevibacterium aurantiacum,ERR1942283.387,gi|1066955208|gb|CP017150.1|,94.20,224,13,0,1,224,2638488,2638711,2e-90,342
Cloacibacterium normanense,ERR1942283.388,gi|1125677790|gb|KY393024.1|,100.00,173,0,0,1,173,290,118,8e-84,320
Cutibacterium acnes,ERR1942283.391,gi|1285277047|gb|MG597274.1|,100.00,237,0,0,1,237,260,24,3e-119,438
Exiguobacterium acetylicum DSM 20416,ERR1942283.392,gi|1403730216|emb|LT999879.1|,99.48,191,1,0,1,191,302,112,4e-92,348
Cloacibacterium normanense,ERR1942283.393,gi|1125677790|gb|KY393024.1|,100.00,181,0,0,1,181,290,110,3e-88,335
Streptomyces sp.,ERR1942283.394,gi|1325336607|gb|MG770748.1|,99.07,214,2,0,1,214,308,95,4e-103,385
Diaphorobacter sp.,ERR1942283.395,gi|1419235357|gb|MH588162.1|,100.00,189,0,0,1,189,262,74,1e-92,350
Ruminococcus sp.,ERR1942283.396,gi|1191949042|gb|KY643813.1|,95.12,205,10,0,1,205,277,73,8e-85,324
Diaphorobacter sp.,ERR1942283.397,gi|1419235357|gb|MH588162.1|,100.00,218,0,0,1,218,262,45,1e-108,403
Cuneatibacter caecimuris,ERR1942283.398,gi|1109168019|ref|NR_144608.1|,93.90,246,13,2,1,246,344,101,1e-98,370
bacterium XPD3003,ERR1942283.399,gi|575791933|gb|KF698496.1|,93.80,129,8,0,1,129,331,203,4e-46,195
Corynebacterium sp. full20,ERR1942283.400,gi|448918035|gb|KC107833.1|,99.60,248,1,0,1,248,265,18,1e-123,453
Acidovorax sp.,ERR1942283.401,gi|1181747176|gb|KY883995.1|,99.54,218,0,1,1,218,310,94,2e-106,396
Gentiana veitchiorum,ERR1942283.403,gi|1418586504|ref|NC_037985.1|,100.00,181,0,0,1,181,93379,93199,3e-88,335
Gentiana veitchiorum,ERR1942283.403,gi|1418586504|ref|NC_037985.1|,100.00,181,0,0,1,181,122021,122201,3e-88,335
Chujaibacter soli,ERR1942283.404,gi|1137647757|ref|NR_145539.1|,92.16,204,2,3,2,205,313,124,2e-70,276
Cloacibacterium normanense,ERR1942283.405,gi|1125677790|gb|KY393024.1|,100.00,221,0,0,1,221,290,70,2e-110,409
Cuneatibacter caecimuris,ERR1942283.406,gi|1109168019|ref|NR_144608.1|,93.33,240,14,2,1,240,344,107,1e-93,353
Methylovorus glucosotrophus,ERR1942283.407,gi|1001550820|gb|KU720567.1|,100.00,195,0,0,1,195,292,98,5e-96,361
Methylophilus luteus,ERR1942283.408,gi|1383503009|gb|MH255359.1|,100.00,189,0,0,1,189,263,75,1e-92,350
Prevotella melaninogenica,ERR1942283.409,gi|1139283763|emb|LT697487.1|,86.16,224,31,0,1,224,317,94,2e-60,243
Gentiana veitchiorum,ERR1942283.410,gi|1418586504|ref|NC_037985.1|,100.00,217,0,0,1,217,93379,93163,4e-108,401
Gentiana veitchiorum,ERR1942283.410,gi|1418586504|ref|NC_037985.1|,100.00,217,0,0,1,217,122021,122237,4e-108,401
Acidovorax sp.,ERR1942283.411,gi|1181747176|gb|KY883995.1|,100.00,189,0,0,1,189,310,122,1e-92,350
Gentiana veitchiorum,ERR1942283.412,gi|1418586504|ref|NC_037985.1|,100.00,171,0,0,1,171,93379,93209,1e-82,316
Gentiana veitchiorum,ERR1942283.412,gi|1418586504|ref|NC_037985.1|,100.00,171,0,0,1,171,122021,122191,1e-82,316
Acinetobacter baumannii,ERR1942283.413,gi|1098884199|gb|KX955264.1|,99.51,204,0,1,1,203,207,4,9e-99,370
Cloacibacterium normanense,ERR1942283.414,gi|1125677790|gb|KY393024.1|,100.00,224,0,0,1,224,290,67,5e-112,414
Cloacibacterium normanense,ERR1942283.415,gi|1125677790|gb|KY393024.1|,100.00,224,0,0,1,224,290,67,5e-112,414
Acidovorax sp.,ERR1942283.416,gi|1181747176|gb|KY883995.1|,99.52,210,0,1,1,210,310,102,5e-102,381
Methylobacterium bullatum,ERR1942283.418,gi|1146076787|gb|KY012255.1|,100.00,208,0,0,1,208,282,75,3e-103,385
bacterium S3-021-16S,ERR1942283.419,gi|1127547589|gb|KX906771.1|,99.57,232,1,0,1,232,270,39,8e-115,424
Flavobacterium sasangense,ERR1942283.420,gi|1125677800|gb|KY393034.1|,100.00,233,0,0,1,233,290,58,5e-117,431
Methylophilus quaylei,ERR1942283.421,gi|1137165631|gb|AY772089.2|,100.00,232,0,0,1,232,297,66,2e-116,429
Cutibacterium acnes,ERR1942283.427,gi|1285277047|gb|MG597274.1|,100.00,237,0,0,1,237,260,24,3e-119,438
Moraxella sp. feline oral taxon 350,ERR1942283.428,gi|728055809|gb|KM461967.1|,91.15,226,20,0,1,226,323,98,9e-80,307
Acinetobacter sp.,ERR1942283.430,gi|1436225007|gb|MH271259.1|,99.10,222,2,0,1,222,234,13,1e-107,399
Actinomadura sp. ATC26,ERR1942283.431,gi|973690546|gb|KU382273.1|,98.32,238,4,0,1,238,314,77,4e-113,418
bacterium S3-021-16S,ERR1942283.432,gi|1127547589|gb|KX906771.1|,99.12,226,2,0,1,226,270,45,8e-110,407
Erysipelotrichaceae bacterium X-d8,ERR1942283.433,gi|492370469|gb|JX997882.1|,92.76,221,14,2,1,220,290,71,4e-83,318
Acidovorax soli,ERR1942283.434,gi|1388321988|gb|MH325354.1|,99.54,218,1,0,1,218,274,57,5e-107,398
bacterium FB2012,ERR1942283.435,gi|575790801|gb|KF697933.1|,89.52,210,18,4,1,208,313,106,1e-67,267
Methylophilus quaylei,ERR1942283.436,gi|1137165631|gb|AY772089.2|,99.57,232,1,0,1,232,297,66,8e-115,424
Cutibacterium acnes,ERR1942283.437,gi|1285277047|gb|MG597274.1|,100.00,237,0,0,1,237,260,24,3e-119,438
Acidovorax sp.,ERR1942283.438,gi|1181747176|gb|KY883995.1|,100.00,221,0,0,1,221,310,90,2e-110,409
Clostridium algidicarnis,ERR1942283.439,gi|645322300|ref|NR_119083.1|,98.58,212,3,0,1,212,328,117,2e-100,375
Actinomadura gamaensis,ERR1942283.440,gi|1179766710|ref|NR_146660.1|,95.83,240,5,5,1,237,325,88,1e-102,383
Methylophilus quaylei,ERR1942283.441,gi|1137165631|gb|AY772089.2|,99.57,232,1,0,1,232,297,66,8e-115,424
Acidovorax sp.,ERR1942283.442,gi|1181747176|gb|KY883995.1|,100.00,221,0,0,1,221,310,90,2e-110,409
Gentiana veitchiorum,ERR1942283.443,gi|1418586504|ref|NC_037985.1|,99.55,222,0,1,1,221,93379,93158,1e-108,403
Gentiana veitchiorum,ERR1942283.443,gi|1418586504|ref|NC_037985.1|,99.55,222,0,1,1,221,122021,122242,1e-108,403
Acidovorax sp.,ERR1942283.444,gi|1181747176|gb|KY883995.1|,100.00,222,0,0,1,222,310,89,6e-111,411
Cutibacterium acnes,ERR1942283.446,gi|1285277047|gb|MG597274.1|,100.00,235,0,0,3,237,258,24,4e-118,435
Acidovorax sp.,ERR1942283.448,gi|1181747176|gb|KY883995.1|,100.00,221,0,0,1,221,310,90,2e-110,409
Mycobacterium sp. DM-11,ERR1942283.449,gi|77799232|emb|AM113987.1|,98.66,224,3,0,1,224,325,102,5e-107,398
Methylobacillus methanolivorans,ERR1942283.450,gi|1384992347|ref|NR_156096.1|,100.00,227,0,0,2,228,297,71,1e-113,420
bacterium S3-021-16S,ERR1942283.451,gi|1127547589|gb|KX906771.1|,98.67,226,3,0,1,226,270,45,4e-108,401
Candidatus Azospirillum massiliensis,ERR1942283.452,gi|817250424|emb|LN835425.1|,99.14,233,2,0,1,233,237,5,1e-113,420
Streptomyces sp.,ERR1942283.453,gi|1325336607|gb|MG770748.1|,98.61,216,3,0,1,216,308,93,1e-102,383
Acinetobacter haemolyticus,ERR1942283.454,gi|1427940761|gb|CP030880.1|,99.55,221,1,0,1,221,16647,16427,1e-108,403
Acinetobacter haemolyticus,ERR1942283.454,gi|1427940761|gb|CP030880.1|,99.55,221,1,0,1,221,510668,510448,1e-108,403
Acinetobacter haemolyticus,ERR1942283.454,gi|1427940761|gb|CP030880.1|,99.55,221,1,0,1,221,2802817,2803037,1e-108,403
Acinetobacter haemolyticus,ERR1942283.454,gi|1427940761|gb|CP030880.1|,99.55,221,1,0,1,221,2946396,2946616,1e-108,403
Acinetobacter haemolyticus,ERR1942283.454,gi|1427940761|gb|CP030880.1|,99.55,221,1,0,1,221,3254715,3254935,1e-108,403
Acinetobacter haemolyticus,ERR1942283.454,gi|1427940761|gb|CP030880.1|,99.55,221,1,0,1,221,3406100,3406320,1e-108,403
Saccharothrix syringae,ERR1942283.455,gi|343201052|ref|NR_041739.1|,94.58,240,13,0,1,240,321,82,3e-99,372
Methylotenera mobilis,ERR1942283.456,gi|397787509|dbj|AB698738.1|,99.55,221,1,0,1,221,326,106,1e-108,403
Actinomadura gamaensis,ERR1942283.457,gi|1179766710|ref|NR_146660.1|,95.83,240,5,5,1,237,325,88,1e-102,383
Acidovorax sp.,ERR1942283.458,gi|1181747176|gb|KY883995.1|,99.55,221,1,0,1,221,310,90,1e-108,403
Bartonella sp. 1-1C,ERR1942283.459,gi|1269846018|gb|CP019489.1|,98.66,224,3,0,1,224,1203660,1203883,5e-107,398
Bartonella sp. 1-1C,ERR1942283.459,gi|1269846018|gb|CP019489.1|,98.66,224,3,0,1,224,1229557,1229780,5e-107,398
Acidovorax temperans,ERR1942283.460,gi|1348203275|gb|MG982481.1|,99.55,221,1,0,1,221,322,102,1e-108,403
Nocardioides sp. AP3,ERR1942283.461,gi|166407547|gb|EU374924.1|,95.11,225,11,0,1,225,304,80,3e-94,355
Methylotenera mobilis,ERR1942283.462,gi|397787509|dbj|AB698738.1|,100.00,218,0,0,1,218,326,109,1e-108,403
Acidovorax temperans,ERR1942283.463,gi|1191949138|gb|MF099827.1|,100.00,189,0,0,1,189,278,90,1e-92,350
Acidovorax sp.,ERR1942283.464,gi|1181747176|gb|KY883995.1|,99.55,222,1,0,1,222,310,89,3e-109,405
Acidovorax sp.,ERR1942283.465,gi|1181747176|gb|KY883995.1|,100.00,221,0,0,1,221,310,90,2e-110,409
Acidovorax sp.,ERR1942283.466,gi|1181747176|gb|KY883995.1|,99.56,228,1,0,1,228,310,83,1e-112,416
Lactobacillales bacterium HY-36-1,ERR1942283.467,gi|50982924|gb|AY581272.1|,88.94,217,23,1,1,217,306,91,1e-67,267
Cutibacterium acnes,ERR1942283.468,gi|1285277047|gb|MG597274.1|,99.58,237,1,0,1,237,260,24,1e-117,433
Acidovorax sp.,ERR1942283.469,gi|1181747176|gb|KY883995.1|,100.00,222,0,0,1,222,310,89,6e-111,411
Ruminococcus sp.,ERR1942283.470,gi|1191949042|gb|KY643813.1|,94.97,199,10,0,1,199,277,79,2e-81,313
Cloacibacterium sp. O15.2,ERR1942283.471,gi|914722613|gb|KT354270.1|,100.00,215,0,0,1,215,259,45,5e-107,398
Acidovorax sp.,ERR1942283.472,gi|1181747176|gb|KY883995.1|,100.00,222,0,0,1,222,310,89,6e-111,411
Acidovorax sp.,ERR1942283.473,gi|1181747176|gb|KY883995.1|,100.00,222,0,0,1,222,310,89,6e-111,411
Acidovorax sp.,ERR1942283.475,gi|1181747176|gb|KY883995.1|,100.00,221,0,0,1,221,310,90,2e-110,409
Diaphorobacter sp.,ERR1942283.476,gi|1419235357|gb|MH588162.1|,100.00,167,0,0,1,167,262,96,2e-80,309
Rubrivivax sp. SNRB4-8,ERR1942283.477,gi|139000851|dbj|AB299681.1|,99.57,232,1,0,1,232,261,30,8e-115,424
Acidovorax sp.,ERR1942283.478,gi|1181747176|gb|KY883995.1|,100.00,222,0,0,1,222,310,89,6e-111,411
Acidovorax sp.,ERR1942283.479,gi|1181747176|gb|KY883995.1|,99.54,218,1,0,1,218,310,93,5e-107,398
Acinetobacter haemolyticus,ERR1942283.480,gi|1427940761|gb|CP030880.1|,100.00,224,0,0,1,224,16647,16424,5e-112,414
Acinetobacter haemolyticus,ERR1942283.480,gi|1427940761|gb|CP030880.1|,100.00,224,0,0,1,224,510668,510445,5e-112,414
Acinetobacter haemolyticus,ERR1942283.480,gi|1427940761|gb|CP030880.1|,100.00,224,0,0,1,224,2802817,2803040,5e-112,414
Acinetobacter haemolyticus,ERR1942283.480,gi|1427940761|gb|CP030880.1|,100.00,224,0,0,1,224,2946396,2946619,5e-112,414
Acinetobacter haemolyticus,ERR1942283.480,gi|1427940761|gb|CP030880.1|,100.00,224,0,0,1,224,3254715,3254938,5e-112,414
Acinetobacter haemolyticus,ERR1942283.480,gi|1427940761|gb|CP030880.1|,100.00,224,0,0,1,224,3406100,3406323,5e-112,414
Oxalobacteraceae bacterium MORI3,ERR1942283.481,gi|951216218|dbj|LC094640.1|,99.55,224,1,0,1,224,289,66,2e-110,409
Acidovorax sp.,ERR1942283.482,gi|1181747176|gb|KY883995.1|,100.00,221,0,0,1,221,310,90,2e-110,409
Acidovorax sp.,ERR1942283.483,gi|1181747176|gb|KY883995.1|,98.60,214,3,0,1,214,310,97,2e-101,379
Acidovorax sp.,ERR1942283.484,gi|1181747176|gb|KY883995.1|,99.55,221,1,0,1,221,310,90,1e-108,403
Methylophilus quaylei,ERR1942283.485,gi|1137165631|gb|AY772089.2|,100.00,235,0,0,1,235,297,63,4e-118,435
Actinomadura gamaensis,ERR1942283.486,gi|1179766710|ref|NR_146660.1|,95.83,240,5,5,1,237,325,88,1e-102,383
Acidovorax sp.,ERR1942283.488,gi|1181747176|gb|KY883995.1|,100.00,220,0,0,1,220,310,91,8e-110,407
Cutibacterium acnes,ERR1942283.489,gi|1285277047|gb|MG597274.1|,100.00,237,0,0,1,237,260,24,3e-119,438
bacterium WH3-2,ERR1942283.490,gi|380850756|gb|JQ269305.1|,92.75,138,10,0,1,138,366,229,2e-47,200
bacterium S3-021-16S,ERR1942283.491,gi|1127547589|gb|KX906771.1|,99.57,232,1,0,1,232,270,39,8e-115,424
Methylobacillus methanolivorans,ERR1942283.492,gi|1384992347|ref|NR_156096.1|,100.00,228,0,0,1,228,298,71,3e-114,422
Oscillibacter valericigenes,ERR1942283.493,gi|1386567541|gb|MH282444.1|,92.64,231,15,2,1,230,297,68,5e-87,331
Rhodococcus sp.,ERR1942283.494,gi|3256217|emb|AJ007003.1|,98.72,235,3,0,1,235,309,75,1e-113,420
Cloacibacterium normanense,ERR1942283.495,gi|1125677790|gb|KY393024.1|,100.00,190,0,0,1,190,290,101,3e-93,351
Acidovorax sp.,ERR1942283.496,gi|1181747176|gb|KY883995.1|,100.00,221,0,0,1,221,310,90,2e-110,409
Actinomadura sp. ATC26,ERR1942283.497,gi|973690546|gb|KU382273.1|,98.32,238,4,0,1,238,314,77,4e-113,418
Methylophilus quaylei,ERR1942283.498,gi|1137165631|gb|AY772089.2|,100.00,234,0,0,1,234,297,64,1e-117,433
Bacteroides sp. W20,ERR1942283.499,gi|927657591|dbj|LC033792.1|,92.24,245,17,2,1,244,338,95,2e-91,346
Acidovorax temperans,ERR1942283.500,gi|1348203275|gb|MG982481.1|,100.00,221,0,0,1,221,322,102,2e-110,409
bacterium S3-021-16S,ERR1942283.501,gi|1127547589|gb|KX906771.1|,99.11,225,2,0,1,225,270,46,3e-109,405
Acidovorax soli,ERR1942283.502,gi|1388321988|gb|MH325354.1|,99.55,220,1,0,1,220,274,55,4e-108,401
Cutibacterium acnes,ERR1942283.503,gi|1285277047|gb|MG597274.1|,100.00,237,0,0,1,237,260,24,3e-119,438
Methylophilus quaylei,ERR1942283.504,gi|1137165631|gb|AY772089.2|,100.00,232,0,0,1,232,297,66,2e-116,429
Acidovorax sp.,ERR1942283.505,gi|1181747176|gb|KY883995.1|,100.00,218,0,0,3,220,307,90,1e-108,403
Acidovorax sp.,ERR1942283.506,gi|1181747176|gb|KY883995.1|,100.00,221,0,0,1,221,310,90,2e-110,409
Methylophilus quaylei,ERR1942283.507,gi|1137165631|gb|AY772089.2|,100.00,232,0,0,1,232,297,66,2e-116,429
Methylobacillus methanolivorans,ERR1942283.508,gi|1384992347|ref|NR_156096.1|,100.00,225,0,0,1,225,298,74,1e-112,416
Acidovorax sp.,ERR1942283.509,gi|1181747176|gb|KY883995.1|,100.00,221,0,0,1,221,310,90,2e-110,409
Novosphingobium sp.,ERR1942283.510,gi|1389182027|gb|MH337967.1|,96.74,215,7,0,1,215,257,43,2e-95,359
Gentiana veitchiorum,ERR1942283.511,gi|1418586504|ref|NC_037985.1|,100.00,222,0,0,1,222,93379,93158,6e-111,411
Gentiana veitchiorum,ERR1942283.511,gi|1418586504|ref|NC_037985.1|,100.00,222,0,0,1,222,122021,122242,6e-111,411
Cloacibacterium sp. O15.2,ERR1942283.512,gi|914722613|gb|KT354270.1|,100.00,215,0,0,1,215,259,45,5e-107,398
Acidovorax sp.,ERR1942283.513,gi|1181747176|gb|KY883995.1|,100.00,222,0,0,1,222,310,89,6e-111,411
Diaphorobacter sp.,ERR1942283.514,gi|1419235357|gb|MH588162.1|,100.00,218,0,0,1,218,262,45,1e-108,403
Gentiana veitchiorum,ERR1942283.515,gi|1418586504|ref|NC_037985.1|,100.00,222,0,0,1,222,93379,93158,6e-111,411
Gentiana veitchiorum,ERR1942283.515,gi|1418586504|ref|NC_037985.1|,100.00,222,0,0,1,222,122021,122242,6e-111,411
Acidovorax sp.,ERR1942283.516,gi|1181747176|gb|KY883995.1|,100.00,221,0,0,1,221,310,90,2e-110,409
Acidovorax sp.,ERR1942283.517,gi|1181747176|gb|KY883995.1|,100.00,220,0,0,1,220,310,91,8e-110,407
Nocardia sp.,ERR1942283.519,gi|1087543831|gb|KY015044.1|,98.67,225,3,0,1,225,275,51,1e-107,399
Methylophilus luteus,ERR1942283.520,gi|1383503009|gb|MH255359.1|,100.00,231,0,0,1,231,263,33,6e-116,427
Cloacibacterium sp. O15.2,ERR1942283.521,gi|914722613|gb|KT354270.1|,99.54,217,1,0,1,217,259,43,2e-106,396
Streptomyces sp. B1S171,ERR1942283.522,gi|1018684288|gb|KU976972.1|,100.00,223,0,0,1,223,304,82,2e-111,412
Mycobacterium talmoniae,ERR1942283.523,gi|50059577|gb|AY624367.1|,97.77,224,5,0,1,224,303,80,1e-103,387
Acidovorax sp.,ERR1942283.524,gi|1181747176|gb|KY883995.1|,100.00,220,0,0,1,220,310,91,8e-110,407
Acidovorax temperans,ERR1942283.526,gi|1348203275|gb|MG982481.1|,100.00,221,0,0,1,221,322,102,2e-110,409
Methylophilus quaylei,ERR1942283.527,gi|1137165631|gb|AY772089.2|,100.00,232,0,0,1,232,297,66,2e-116,429
Clostridiales bacterium 30-4c,ERR1942283.528,gi|312064780|gb|HQ452853.1|,96.74,215,7,0,1,215,330,116,2e-95,359
Mycobacterium talmoniae,ERR1942283.529,gi|50059577|gb|AY624367.1|,98.17,219,4,0,1,219,303,85,1e-102,383
Acidovorax temperans,ERR1942283.530,gi|1348203275|gb|MG982481.1|,100.00,221,0,0,1,221,322,102,2e-110,409
Acidovorax sp.,ERR1942283.531,gi|1181747176|gb|KY883995.1|,100.00,221,0,0,1,221,310,90,2e-110,409
Mycobacterium sp. DM-11,ERR1942283.532,gi|77799232|emb|AM113987.1|,98.66,224,3,0,1,224,325,102,5e-107,398
Acidovorax sp.,ERR1942283.533,gi|1181747176|gb|KY883995.1|,100.00,222,0,0,1,222,310,89,6e-111,411
Flexivirga oryzae,ERR1942283.535,gi|1384992314|ref|NR_156063.1|,98.23,226,4,0,1,226,309,84,2e-106,396
Streptococcus mitis,ERR1942283.536,gi|827663662|gb|KF933785.1|,99.05,210,2,0,1,210,336,127,6e-101,377
Acidovorax temperans,ERR1942283.537,gi|1348203275|gb|MG982481.1|,100.00,221,0,0,1,221,322,102,2e-110,409
Acidovorax temperans,ERR1942283.538,gi|1348203275|gb|MG982481.1|,100.00,221,0,0,1,221,322,102,2e-110,409
Methylophilus quaylei,ERR1942283.539,gi|1137165631|gb|AY772089.2|,100.00,234,0,0,1,234,297,64,1e-117,433
Hymenobacter sp. 16F7D,ERR1942283.540,gi|1041495568|gb|KU758897.1|,100.00,169,0,0,1,169,308,140,1e-81,313
Lactococcus lactis,ERR1942283.541,gi|379047253|gb|JQ247529.1|,100.00,216,0,0,1,216,311,96,1e-107,399
Acidovorax temperans,ERR1942283.542,gi|1348203275|gb|MG982481.1|,100.00,221,0,0,1,221,322,102,2e-110,409
Acidovorax sp.,ERR1942283.543,gi|1181747176|gb|KY883995.1|,100.00,221,0,0,1,221,310,90,2e-110,409
Rhodanobacter caeni,ERR1942283.544,gi|1331180984|gb|MF136416.1|,88.16,245,24,5,3,247,279,40,1e-73,287
Streptomyces atroolivaceus,ERR1942283.545,gi|1377047584|gb|MH197379.1|,100.00,242,0,0,1,242,278,37,5e-122,448
Methylophilus quaylei,ERR1942283.546,gi|1137165631|gb|AY772089.2|,100.00,232,0,0,1,232,297,66,2e-116,429
Acidovorax caeni,ERR1942283.547,gi|1251770494|gb|MG011567.1|,100.00,222,0,0,1,222,278,57,6e-111,411
Ruminococcus sp.,ERR1942283.549,gi|1191949042|gb|KY643813.1|,95.12,205,10,0,1,205,277,73,8e-85,324
Acidovorax sp.,ERR1942283.550,gi|1181747176|gb|KY883995.1|,100.00,221,0,0,1,221,310,90,2e-110,409
Actinophytocola sediminis,ERR1942283.551,gi|1269283239|ref|NR_133956.2|,96.36,220,8,0,1,220,329,110,2e-96,363
Mycobacterium sp. 62/1,ERR1942283.552,gi|683524185|gb|KM096753.1|,100.00,222,0,0,1,222,260,39,6e-111,411
bacterium XPD3003,ERR1942283.553,gi|575791933|gb|KF698496.1|,83.33,234,35,4,1,232,331,100,2e-51,213
Ruminococcus sp.,ERR1942283.554,gi|1191949042|gb|KY643813.1|,95.52,201,9,0,1,201,277,77,3e-84,322
Actinomadura sp. ATC26,ERR1942283.556,gi|973690546|gb|KU382273.1|,98.32,238,4,0,1,238,314,77,4e-113,418
Methylophilus quaylei,ERR1942283.557,gi|1137165631|gb|AY772089.2|,100.00,234,0,0,1,234,297,64,1e-117,433
Methylophilus luteus,ERR1942283.558,gi|1383503009|gb|MH255359.1|,100.00,201,0,0,1,201,263,63,3e-99,372
Acidovorax temperans,ERR1942283.559,gi|1348203275|gb|MG982481.1|,100.00,221,0,0,1,221,322,102,2e-110,409
Diaphorobacter sp.,ERR1942283.560,gi|1419235357|gb|MH588162.1|,99.54,218,1,0,1,218,262,45,5e-107,398
Acidovorax sp.,ERR1942283.561,gi|1181747176|gb|KY883995.1|,100.00,222,0,0,1,222,310,89,6e-111,411
Acidovorax sp.,ERR1942283.562,gi|1181747176|gb|KY883995.1|,100.00,220,0,0,1,220,310,91,8e-110,407
bacterium WH3-2,ERR1942283.563,gi|380850756|gb|JQ269305.1|,91.55,142,11,1,1,141,366,225,7e-46,195
Acinetobacter haemolyticus,ERR1942283.564,gi|1427940761|gb|CP030880.1|,100.00,223,0,0,1,223,16647,16425,2e-111,412
Acinetobacter haemolyticus,ERR1942283.564,gi|1427940761|gb|CP030880.1|,100.00,223,0,0,1,223,510668,510446,2e-111,412
Acinetobacter haemolyticus,ERR1942283.564,gi|1427940761|gb|CP030880.1|,100.00,223,0,0,1,223,2802817,2803039,2e-111,412
Acinetobacter haemolyticus,ERR1942283.564,gi|1427940761|gb|CP030880.1|,100.00,223,0,0,1,223,2946396,2946618,2e-111,412
Acinetobacter haemolyticus,ERR1942283.564,gi|1427940761|gb|CP030880.1|,100.00,223,0,0,1,223,3254715,3254937,2e-111,412
Acinetobacter haemolyticus,ERR1942283.564,gi|1427940761|gb|CP030880.1|,100.00,223,0,0,1,223,3406100,3406322,2e-111,412
Methylophilus quaylei,ERR1942283.565,gi|1137165631|gb|AY772089.2|,100.00,232,0,0,1,232,297,66,2e-116,429
Methylophilus quaylei,ERR1942283.566,gi|1137165631|gb|AY772089.2|,100.00,234,0,0,1,234,297,64,1e-117,433
Actinomyces naeslundii,ERR1942283.567,gi|942543265|gb|KR822484.1|,100.00,213,0,0,1,213,337,125,6e-106,394
Acidovorax sp.,ERR1942283.569,gi|1181747176|gb|KY883995.1|,100.00,189,0,0,1,189,310,122,1e-92,350
Acidovorax sp.,ERR1942283.570,gi|1181747176|gb|KY883995.1|,100.00,221,0,0,1,221,310,90,2e-110,409
Acinetobacter haemolyticus,ERR1942283.571,gi|1427940761|gb|CP030880.1|,100.00,223,0,0,1,223,16647,16425,2e-111,412
Acinetobacter haemolyticus,ERR1942283.571,gi|1427940761|gb|CP030880.1|,100.00,223,0,0,1,223,510668,510446,2e-111,412
Acinetobacter haemolyticus,ERR1942283.571,gi|1427940761|gb|CP030880.1|,100.00,223,0,0,1,223,2802817,2803039,2e-111,412
Acinetobacter haemolyticus,ERR1942283.571,gi|1427940761|gb|CP030880.1|,100.00,223,0,0,1,223,2946396,2946618,2e-111,412
Acinetobacter haemolyticus,ERR1942283.571,gi|1427940761|gb|CP030880.1|,100.00,223,0,0,1,223,3254715,3254937,2e-111,412
Acinetobacter haemolyticus,ERR1942283.571,gi|1427940761|gb|CP030880.1|,100.00,223,0,0,1,223,3406100,3406322,2e-111,412
Acidovorax sp.,ERR1942283.572,gi|1181747176|gb|KY883995.1|,100.00,221,0,0,1,221,310,90,2e-110,409
Acidovorax sp.,ERR1942283.573,gi|1181747176|gb|KY883995.1|,99.08,218,1,1,1,217,310,93,8e-105,390
Acidovorax sp.,ERR1942283.574,gi|1181747176|gb|KY883995.1|,99.55,221,1,0,1,221,310,90,1e-108,403
Acidovorax temperans,ERR1942283.575,gi|1348203275|gb|MG982481.1|,100.00,221,0,0,1,221,322,102,2e-110,409
Microcystis sp. SAG 43.90,ERR1942283.576,gi|664803901|gb|KM020014.1|,100.00,224,0,0,1,224,295,72,5e-112,414
Lachnospiraceae bacterium DJF_VP30,ERR1942283.577,gi|189473867|gb|EU728771.1|,93.78,241,15,0,1,241,344,104,2e-96,363
Nocardioides sp.,ERR1942283.578,gi|1009083250|gb|KU891803.1|,97.74,221,5,0,1,221,305,85,5e-102,381
Methylobacillus sp. VITPRS29,ERR1942283.579,gi|484573275|gb|KC788641.1|,98.68,228,3,0,1,228,292,65,3e-109,405
Acidovorax sp.,ERR1942283.580,gi|1181747176|gb|KY883995.1|,100.00,222,0,0,1,222,310,89,6e-111,411
Methylophilus quaylei,ERR1942283.581,gi|1137165631|gb|AY772089.2|,100.00,234,0,0,1,234,297,64,1e-117,433
Rhodanobacter caeni,ERR1942283.582,gi|1331180984|gb|MF136416.1|,87.96,191,19,4,3,193,279,93,3e-54,222
Acidovorax sp.,ERR1942283.584,gi|1181747176|gb|KY883995.1|,100.00,189,0,0,1,189,310,122,1e-92,350
Acidovorax sp.,ERR1942283.585,gi|1181747176|gb|KY883995.1|,100.00,221,0,0,1,221,310,90,2e-110,409
bacterium,ERR1942283.586,gi|301241287|gb|HM704636.1|,98.29,234,4,0,1,234,315,82,7e-111,411
Hymenobacter tenuis,ERR1942283.587,gi|1441204207|ref|NR_157622.1|,94.96,238,12,0,2,239,301,64,9e-100,374
Ruminococcus sp.,ERR1942283.588,gi|1191949042|gb|KY643813.1|,95.48,199,9,0,1,199,277,79,3e-83,318
Actinomycetales bacterium,ERR1942283.589,gi|1124891030|gb|KY386570.1|,97.62,252,6,0,1,252,304,53,2e-117,433
Acidovorax sp.,ERR1942283.590,gi|1181747176|gb|KY883995.1|,100.00,221,0,0,1,221,310,90,2e-110,409
Methylophilus quaylei,ERR1942283.591,gi|1137165631|gb|AY772089.2|,100.00,232,0,0,1,232,297,66,2e-116,429
Microcystis sp. SAG 43.90,ERR1942283.592,gi|664803901|gb|KM020014.1|,99.55,224,1,0,1,224,295,72,2e-110,409
Diaphorobacter sp.,ERR1942283.593,gi|1419235357|gb|MH588162.1|,100.00,219,0,0,1,219,262,44,3e-109,405
Brachybacterium sp. THG-DL23,ERR1942283.594,gi|440494793|gb|KC252616.1|,99.57,234,1,0,1,234,312,79,7e-116,427
Cloacibacterium sp. O15.2,ERR1942283.595,gi|914722613|gb|KT354270.1|,100.00,216,0,0,1,216,259,44,1e-107,399
Brochothrix thermosphacta,ERR1942283.596,gi|1392958132|emb|LT993737.1|,99.51,205,1,0,1,205,77455,77251,7e-100,374
Brochothrix thermosphacta,ERR1942283.596,gi|1392958132|emb|LT993737.1|,99.51,205,1,0,1,205,154524,154320,7e-100,374
Brochothrix thermosphacta,ERR1942283.596,gi|1392958132|emb|LT993737.1|,99.51,205,1,0,1,205,159908,159704,7e-100,374
Brochothrix thermosphacta,ERR1942283.596,gi|1392958132|emb|LT993737.1|,99.51,205,1,0,1,205,165292,165088,7e-100,374
Brochothrix thermosphacta,ERR1942283.596,gi|1392958132|emb|LT993737.1|,99.51,205,1,0,1,205,339818,339614,7e-100,374
Brochothrix thermosphacta,ERR1942283.596,gi|1392958132|emb|LT993737.1|,99.51,205,1,0,1,205,894324,894120,7e-100,374
Brochothrix thermosphacta,ERR1942283.596,gi|1392958132|emb|LT993737.1|,99.51,205,1,0,1,205,2147341,2147545,7e-100,374
Brochothrix thermosphacta,ERR1942283.596,gi|1392958132|emb|LT993737.1|,99.51,205,1,0,1,205,2152787,2152991,7e-100,374
Brochothrix thermosphacta,ERR1942283.596,gi|1392958132|emb|LT993737.1|,99.02,205,2,0,1,205,735460,735256,3e-98,368
Acidovorax sp.,ERR1942283.597,gi|1181747176|gb|KY883995.1|,99.54,218,1,0,1,218,310,93,5e-107,398
Paracoccus sp. 1011MAR3C25,ERR1942283.598,gi|932856637|emb|LN867136.1|,99.19,248,2,0,1,248,298,51,5e-122,448
Acidovorax sp.,ERR1942283.599,gi|1181747176|gb|KY883995.1|,100.00,189,0,0,1,189,310,122,1e-92,350
Cloacibacterium normanense,ERR1942283.600,gi|1125677790|gb|KY393024.1|,100.00,224,0,0,1,224,290,67,5e-112,414
Gentiana veitchiorum,ERR1942283.601,gi|1418586504|ref|NC_037985.1|,99.55,222,1,0,1,222,93379,93158,3e-109,405
Gentiana veitchiorum,ERR1942283.601,gi|1418586504|ref|NC_037985.1|,99.55,222,1,0,1,222,122021,122242,3e-109,405
Aetherobacter rufus,ERR1942283.602,gi|1227086168|ref|NR_148645.1|,92.96,213,15,0,1,213,339,127,6e-81,311
Acidovorax sp.,ERR1942283.604,gi|1181747176|gb|KY883995.1|,100.00,226,0,0,3,228,308,83,4e-113,418
Streptomyces sp.,ERR1942283.605,gi|1325336607|gb|MG770748.1|,99.53,212,1,0,1,212,308,97,1e-103,387
Actinomadura gamaensis,ERR1942283.606,gi|1179766710|ref|NR_146660.1|,95.83,240,5,5,1,237,325,88,1e-102,383
Acinetobacter haemolyticus,ERR1942283.607,gi|1427940761|gb|CP030880.1|,99.55,222,1,0,1,222,16647,16426,3e-109,405
Acinetobacter haemolyticus,ERR1942283.607,gi|1427940761|gb|CP030880.1|,99.55,222,1,0,1,222,510668,510447,3e-109,405
Acinetobacter haemolyticus,ERR1942283.607,gi|1427940761|gb|CP030880.1|,99.55,222,1,0,1,222,2802817,2803038,3e-109,405
Acinetobacter haemolyticus,ERR1942283.607,gi|1427940761|gb|CP030880.1|,99.55,222,1,0,1,222,2946396,2946617,3e-109,405
Acinetobacter haemolyticus,ERR1942283.607,gi|1427940761|gb|CP030880.1|,99.55,222,1,0,1,222,3254715,3254936,3e-109,405
Acinetobacter haemolyticus,ERR1942283.607,gi|1427940761|gb|CP030880.1|,99.55,222,1,0,1,222,3406100,3406321,3e-109,405
Methylophilus quaylei,ERR1942283.609,gi|1137165631|gb|AY772089.2|,99.57,232,1,0,1,232,297,66,8e-115,424
Acidovorax sp.,ERR1942283.610,gi|1181747176|gb|KY883995.1|,98.66,224,2,1,1,223,310,87,2e-106,396
Diaphorobacter sp.,ERR1942283.611,gi|1419235357|gb|MH588162.1|,99.10,221,2,0,1,221,262,42,5e-107,398
Methylobacillus methanolivorans,ERR1942283.612,gi|1384992347|ref|NR_156096.1|,95.36,237,11,0,1,237,298,62,7e-101,377
Cutibacterium acnes,ERR1942283.613,gi|285173027|gb|GU413908.1|,96.12,232,9,0,1,232,308,77,2e-101,379
Sphingomonas sp. FARSPH,ERR1942283.614,gi|1441477124|gb|CP029985.1|,100.00,219,0,0,1,219,1042772,1042990,3e-109,405
Sphingomonas sp. FARSPH,ERR1942283.614,gi|1441477124|gb|CP029985.1|,100.00,219,0,0,1,219,2495978,2495760,3e-109,405
Prevotella melaninogenica,ERR1942283.615,gi|1139283763|emb|LT697487.1|,87.12,233,30,0,1,233,317,85,5e-67,265
Erysipelotrichaceae bacterium X-d8,ERR1942283.616,gi|492370469|gb|JX997882.1|,92.92,212,13,2,1,211,290,80,8e-80,307
Corynebacterium tuberculostearicum,ERR1942283.617,gi|1075662684|gb|KX959619.1|,99.57,235,1,0,1,235,261,27,2e-116,429
Methylobacillus methanolivorans,ERR1942283.618,gi|1384992347|ref|NR_156096.1|,100.00,222,0,0,1,222,298,77,6e-111,411
Methylophilus quaylei,ERR1942283.619,gi|1137165631|gb|AY772089.2|,100.00,232,0,0,1,232,297,66,2e-116,429
Lactobacillales bacterium HY-36-1,ERR1942283.620,gi|50982924|gb|AY581272.1|,92.34,222,14,3,1,221,306,87,2e-81,313
Zoogloea caeni,ERR1942283.621,gi|1125782422|gb|KY393074.1|,100.00,235,0,0,1,235,295,61,4e-118,435
Streptomyces sp.,ERR1942283.622,gi|1325336607|gb|MG770748.1|,99.07,216,2,0,1,216,308,93,3e-104,388
Acidovorax temperans,ERR1942283.624,gi|1348203275|gb|MG982481.1|,99.55,222,1,0,1,222,322,101,3e-109,405
Methylophilus quaylei,ERR1942283.625,gi|1137165631|gb|AY772089.2|,99.57,232,1,0,1,232,297,66,8e-115,424
Acidovorax sp.,ERR1942283.626,gi|1181747176|gb|KY883995.1|,99.54,218,1,0,1,218,310,93,5e-107,398
Cloacibacterium normanense,ERR1942283.627,gi|1125677790|gb|KY393024.1|,100.00,224,0,0,1,224,290,67,5e-112,414
Acidovorax sp.,ERR1942283.628,gi|1181747176|gb|KY883995.1|,100.00,194,0,0,1,194,310,117,2e-95,359
Cloacibacterium sp. O15.2,ERR1942283.629,gi|914722613|gb|KT354270.1|,100.00,215,0,0,1,215,259,45,5e-107,398
Nocardioides sp.,ERR1942283.630,gi|1009083250|gb|KU891803.1|,98.84,173,2,0,1,173,305,133,2e-80,309
Acidovorax sp.,ERR1942283.631,gi|1181747176|gb|KY883995.1|,100.00,222,0,0,1,222,310,89,6e-111,411
Gentiana veitchiorum,ERR1942283.632,gi|1418586504|ref|NC_037985.1|,100.00,187,0,0,1,187,93379,93193,1e-91,346
Gentiana veitchiorum,ERR1942283.632,gi|1418586504|ref|NC_037985.1|,100.00,187,0,0,1,187,122021,122207,1e-91,346
Acidovorax sp.,ERR1942283.633,gi|1181747176|gb|KY883995.1|,100.00,222,0,0,1,222,310,89,6e-111,411
Zoogloea caeni,ERR1942283.634,gi|1125782422|gb|KY393074.1|,100.00,235,0,0,1,235,295,61,4e-118,435
Acidovorax sp.,ERR1942283.635,gi|1181747176|gb|KY883995.1|,100.00,188,0,0,1,188,310,123,4e-92,348
bacterium,ERR1942283.636,gi|301237385|gb|HM700734.1|,89.39,245,26,0,1,245,282,38,3e-80,309
Acidovorax sp.,ERR1942283.637,gi|1181747176|gb|KY883995.1|,100.00,222,0,0,1,222,310,89,6e-111,411
Acidovorax sp.,ERR1942283.638,gi|1181747176|gb|KY883995.1|,99.07,214,2,0,1,214,310,97,4e-103,385
Acidovorax sp.,ERR1942283.640,gi|1181747176|gb|KY883995.1|,99.55,220,0,1,1,219,310,91,1e-107,399
Acidovorax sp.,ERR1942283.641,gi|1181747176|gb|KY883995.1|,99.55,224,1,0,1,224,310,87,2e-110,409
Nocardioides sp.,ERR1942283.643,gi|1009083250|gb|KU891803.1|,97.74,221,5,0,1,221,305,85,5e-102,381
bacterium P2G6,ERR1942283.645,gi|676402755|gb|KM043766.1|,90.95,210,16,2,1,208,266,58,2e-71,279
Cloacibacterium normanense,ERR1942283.646,gi|1125677790|gb|KY393024.1|,100.00,224,0,0,1,224,290,67,5e-112,414
Methylophilus quaylei,ERR1942283.647,gi|1137165631|gb|AY772089.2|,99.58,236,1,0,1,236,297,62,5e-117,431
Streptomyces sp. B1S171,ERR1942283.648,gi|1018684288|gb|KU976972.1|,100.00,212,0,0,1,212,304,93,2e-105,392
Methylobacillus methanolivorans,ERR1942283.649,gi|1384992347|ref|NR_156096.1|,97.81,228,5,0,1,228,298,71,6e-106,394
Cutibacterium acnes,ERR1942283.650,gi|1285277047|gb|MG597274.1|,100.00,214,0,0,1,214,260,47,2e-106,396
Methylophilus flavus,ERR1942283.651,gi|1243964783|gb|MF977752.1|,100.00,201,0,0,1,201,298,98,3e-99,372
Gentiana veitchiorum,ERR1942283.652,gi|1418586504|ref|NC_037985.1|,100.00,223,0,0,1,223,93379,93157,2e-111,412
Gentiana veitchiorum,ERR1942283.652,gi|1418586504|ref|NC_037985.1|,100.00,223,0,0,1,223,122021,122243,2e-111,412
Acidovorax sp.,ERR1942283.653,gi|1181747176|gb|KY883995.1|,100.00,222,0,0,1,222,310,89,6e-111,411
Methylophilus quaylei,ERR1942283.654,gi|1137165631|gb|AY772089.2|,99.57,231,1,0,1,231,297,67,3e-114,422
Gentiana veitchiorum,ERR1942283.655,gi|1418586504|ref|NC_037985.1|,100.00,223,0,0,1,223,93379,93157,2e-111,412
Gentiana veitchiorum,ERR1942283.655,gi|1418586504|ref|NC_037985.1|,100.00,223,0,0,1,223,122021,122243,2e-111,412
Zoogloea caeni,ERR1942283.656,gi|1125782422|gb|KY393074.1|,100.00,239,0,0,1,239,295,57,2e-120,442
Cloacibacterium sp. O15.2,ERR1942283.657,gi|914722613|gb|KT354270.1|,100.00,215,0,0,1,215,259,45,5e-107,398
Mycobacterium sp. 62/1,ERR1942283.658,gi|683524185|gb|KM096753.1|,100.00,224,0,0,1,224,260,37,5e-112,414
Pelomonas puraquae,ERR1942283.659,gi|575426490|gb|KF817703.1|,100.00,188,0,0,1,188,277,90,4e-92,348
Cutibacterium acnes,ERR1942283.660,gi|1285277047|gb|MG597274.1|,100.00,237,0,0,1,237,260,24,3e-119,438
Flavobacterium sp. THWCSN34,ERR1942283.661,gi|157886669|emb|AM888191.1|,98.28,233,4,0,1,233,320,88,2e-110,409
Clostridium sp. 619,ERR1942283.662,gi|399219965|dbj|AB739698.1|,95.65,207,9,0,1,207,344,138,1e-87,333
Acidovorax sp.,ERR1942283.663,gi|1181747176|gb|KY883995.1|,100.00,221,0,0,1,221,310,90,2e-110,409
Acidovorax sp.,ERR1942283.664,gi|1181747176|gb|KY883995.1|,100.00,189,0,0,1,189,310,122,1e-92,350
Acidovorax sp.,ERR1942283.665,gi|1181747176|gb|KY883995.1|,100.00,222,0,0,1,222,310,89,6e-111,411
Clostridiales bacterium oral taxon C20,ERR1942283.666,gi|285202490|gb|GU429803.1|,95.50,111,5,0,1,111,319,209,6e-41,178
Acidovorax sp.,ERR1942283.667,gi|1181747176|gb|KY883995.1|,100.00,222,0,0,1,222,310,89,6e-111,411
Acidovorax sp.,ERR1942283.668,gi|1181747176|gb|KY883995.1|,100.00,222,0,0,1,222,310,89,6e-111,411
Acidovorax sp.,ERR1942283.669,gi|1181747176|gb|KY883995.1|,100.00,222,0,0,1,222,310,89,6e-111,411
Gentiana veitchiorum,ERR1942283.670,gi|1418586504|ref|NC_037985.1|,99.46,186,0,1,1,185,93379,93194,9e-89,337
Gentiana veitchiorum,ERR1942283.670,gi|1418586504|ref|NC_037985.1|,99.46,186,0,1,1,185,122021,122206,9e-89,337
Methylophilus quaylei,ERR1942283.671,gi|1137165631|gb|AY772089.2|,97.32,224,6,0,1,224,297,74,5e-102,381
Corynebacterium tuberculostearicum,ERR1942283.672,gi|1075662684|gb|KX959619.1|,100.00,235,0,0,1,235,261,27,4e-118,435
Methylophilus sp. EHg7,ERR1942283.673,gi|41058893|gb|AY436797.1|,95.98,224,9,0,1,224,305,82,5e-97,364
Mycobacterium sp.,ERR1942283.674,gi|1211299976|gb|MF398392.1|,99.15,234,2,0,1,234,322,89,3e-114,422
Methylophilus quaylei,ERR1942283.675,gi|1137165631|gb|AY772089.2|,100.00,232,0,0,1,232,297,66,2e-116,429
Methylotenera mobilis,ERR1942283.676,gi|397787509|dbj|AB698738.1|,98.19,221,4,0,1,221,326,106,1e-103,387
Methylophilus flavus,ERR1942283.677,gi|1243964783|gb|MF977752.1|,99.57,232,1,0,1,232,298,67,8e-115,424
Acidovorax sp.,ERR1942283.678,gi|1181747176|gb|KY883995.1|,99.55,222,1,0,1,222,310,89,3e-109,405
Cloacibacterium normanense,ERR1942283.680,gi|1125677790|gb|KY393024.1|,100.00,224,0,0,1,224,290,67,5e-112,414
Saccharothrix syringae,ERR1942283.681,gi|343201052|ref|NR_041739.1|,94.58,240,13,0,1,240,321,82,3e-99,372
Cloacibacterium normanense,ERR1942283.682,gi|1125677790|gb|KY393024.1|,99.54,219,1,0,1,219,290,72,1e-107,399
Cloacibacterium normanense,ERR1942283.683,gi|1125677790|gb|KY393024.1|,100.00,224,0,0,1,224,290,67,5e-112,414
Lactococcus lactis,ERR1942283.684,gi|1435670368|gb|MH698393.1|,100.00,225,0,0,1,225,313,89,1e-112,416
Parcubacteria group bacterium GW2011_GWC2_32_10,ERR1942283.685,gi|1118703721|gb|KX123634.1|,91.11,225,20,0,1,225,303,79,3e-79,305
bacterium FB2012,ERR1942283.686,gi|575790801|gb|KF697933.1|,89.52,210,18,4,1,208,313,106,1e-67,267
Virgosporangium sp. 331E12,ERR1942283.688,gi|37858777|dbj|AB124189.1|,97.54,122,3,0,1,122,240,119,2e-50,209
Gentiana veitchiorum,ERR1942283.689,gi|1418586504|ref|NC_037985.1|,100.00,188,0,0,1,188,93379,93192,4e-92,348
Gentiana veitchiorum,ERR1942283.689,gi|1418586504|ref|NC_037985.1|,100.00,188,0,0,1,188,122021,122208,4e-92,348
Acidovorax sp.,ERR1942283.691,gi|1181747176|gb|KY883995.1|,99.55,221,1,0,1,221,310,90,1e-108,403
Rhodococcus sp.,ERR1942283.692,gi|3256217|emb|AJ007003.1|,99.15,236,2,0,1,236,309,74,7e-116,427
Acidovorax sp.,ERR1942283.693,gi|1181747176|gb|KY883995.1|,99.55,222,1,0,1,222,310,89,3e-109,405
Methylobacillus methanolivorans,ERR1942283.694,gi|1384992347|ref|NR_156096.1|,98.94,188,1,1,1,187,298,111,3e-88,335
Acidovorax sp.,ERR1942283.695,gi|1181747176|gb|KY883995.1|,100.00,221,0,0,1,221,310,90,2e-110,409
[Eubacterium] siraeum V10Sc8a,ERR1942283.697,gi|291556121|emb|FP929059.1|,90.71,226,17,4,1,223,2596847,2597071,5e-77,298
bacterium S3-021-16S,ERR1942283.698,gi|1127547589|gb|KX906771.1|,99.57,232,1,0,1,232,270,39,8e-115,424
bacterium 52-L049642-122-014-D07,ERR1942283.699,gi|449551447|gb|JX228265.1|,97.90,238,5,0,1,238,276,39,2e-111,412
Methylobacillus methanolivorans,ERR1942283.700,gi|1384992347|ref|NR_156096.1|,100.00,226,0,0,3,228,296,71,4e-113,418
Diaphorobacter sp.,ERR1942283.701,gi|1419235357|gb|MH588162.1|,100.00,219,0,0,1,219,262,44,3e-109,405
Nocardia sp. AR23308,ERR1942283.702,gi|1069561880|gb|KX881394.1|,97.67,215,5,0,1,215,242,28,1e-98,370
bacterium,ERR1942283.703,gi|301237385|gb|HM700734.1|,87.97,241,25,3,1,239,282,44,6e-72,281
Massilia oculi,ERR1942283.704,gi|1390249357|gb|CP029343.1|,99.47,189,1,0,1,189,3298033,3297845,5e-91,344
Massilia oculi,ERR1942283.704,gi|1390249357|gb|CP029343.1|,97.35,189,5,0,1,189,2204703,2204891,2e-84,322
Massilia oculi,ERR1942283.704,gi|1390249357|gb|CP029343.1|,97.35,189,5,0,1,189,2217147,2217335,2e-84,322
Massilia oculi,ERR1942283.704,gi|1390249357|gb|CP029343.1|,97.35,189,5,0,1,189,2235856,2236044,2e-84,322
Massilia oculi,ERR1942283.704,gi|1390249357|gb|CP029343.1|,97.35,189,5,0,1,189,2246338,2246526,2e-84,322
Massilia oculi,ERR1942283.704,gi|1390249357|gb|CP029343.1|,97.35,189,5,0,1,189,3309009,3308821,2e-84,322
Massilia oculi,ERR1942283.704,gi|1390249357|gb|CP029343.1|,97.35,189,5,0,1,189,3316884,3316696,2e-84,322
Gentiana veitchiorum,ERR1942283.705,gi|1418586504|ref|NC_037985.1|,99.44,178,0,1,1,178,93379,93203,2e-84,322
Gentiana veitchiorum,ERR1942283.705,gi|1418586504|ref|NC_037985.1|,99.44,178,0,1,1,178,122021,122197,2e-84,322
Diaphorobacter sp.,ERR1942283.706,gi|1419235357|gb|MH588162.1|,100.00,218,0,0,1,218,262,45,1e-108,403
Acidovorax sp.,ERR1942283.707,gi|1181747176|gb|KY883995.1|,100.00,222,0,0,1,222,310,89,6e-111,411
Streptosporangiaceae bacterium ACTS20,ERR1942283.708,gi|189490732|gb|EU717712.1|,86.60,209,24,4,1,209,276,72,6e-56,228
Acidovorax sp.,ERR1942283.709,gi|1181747176|gb|KY883995.1|,99.54,218,1,0,1,218,310,93,5e-107,398
Geosporobacter sp. LAM1220,ERR1942283.710,gi|528281252|gb|KF311769.1|,84.78,230,25,10,2,227,336,113,3e-54,222
Acidovorax sp.,ERR1942283.711,gi|1181747176|gb|KY883995.1|,96.85,222,7,0,1,222,310,89,3e-99,372
Acidovorax sp.,ERR1942283.712,gi|1181747176|gb|KY883995.1|,100.00,195,0,0,1,195,310,116,5e-96,361
Acidovorax sp.,ERR1942283.713,gi|1181747176|gb|KY883995.1|,99.02,205,2,0,1,205,310,106,3e-98,368
Diaphorobacter sp.,ERR1942283.714,gi|1419235357|gb|MH588162.1|,100.00,218,0,0,1,218,262,45,1e-108,403
Acidovorax sp.,ERR1942283.715,gi|1181747176|gb|KY883995.1|,100.00,222,0,0,1,222,310,89,6e-111,411
Acinetobacter haemolyticus,ERR1942283.716,gi|1427940761|gb|CP030880.1|,100.00,223,0,0,1,223,16647,16425,2e-111,412
Acinetobacter haemolyticus,ERR1942283.716,gi|1427940761|gb|CP030880.1|,100.00,223,0,0,1,223,510668,510446,2e-111,412
Acinetobacter haemolyticus,ERR1942283.716,gi|1427940761|gb|CP030880.1|,100.00,223,0,0,1,223,2802817,2803039,2e-111,412
Acinetobacter haemolyticus,ERR1942283.716,gi|1427940761|gb|CP030880.1|,100.00,223,0,0,1,223,2946396,2946618,2e-111,412
Acinetobacter haemolyticus,ERR1942283.716,gi|1427940761|gb|CP030880.1|,100.00,223,0,0,1,223,3254715,3254937,2e-111,412
Acinetobacter haemolyticus,ERR1942283.716,gi|1427940761|gb|CP030880.1|,100.00,223,0,0,1,223,3406100,3406322,2e-111,412
Acidovorax sp.,ERR1942283.717,gi|1181747176|gb|KY883995.1|,99.55,221,1,0,1,221,310,90,1e-108,403
Cutibacterium acnes,ERR1942283.718,gi|1285277047|gb|MG597274.1|,99.58,237,1,0,1,237,260,24,1e-117,433
Pseudonocardia sp.,ERR1942283.719,gi|1273366486|gb|MG385126.1|,93.75,224,14,0,1,224,304,81,1e-88,337
Acidovorax sp.,ERR1942283.720,gi|1181747176|gb|KY883995.1|,100.00,222,0,0,1,222,310,89,6e-111,411
Janibacter-like sp. V4.BO.43,ERR1942283.721,gi|22217774|emb|AJ244674.2|,98.24,227,4,0,1,227,310,84,5e-107,398
Acidovorax sp.,ERR1942283.722,gi|1181747176|gb|KY883995.1|,100.00,221,0,0,1,221,310,90,2e-110,409
Polaromonas sp. G1-28,ERR1942283.723,gi|1042916115|emb|LK054560.1|,100.00,218,0,0,1,218,234,17,1e-108,403
Acidovorax sp.,ERR1942283.724,gi|1181747176|gb|KY883995.1|,100.00,221,0,0,1,221,310,90,2e-110,409
Acinetobacter indicus,ERR1942283.725,gi|1043113295|gb|KU507503.1|,100.00,223,0,0,1,223,240,18,2e-111,412
Acidovorax sp.,ERR1942283.727,gi|1181747176|gb|KY883995.1|,100.00,221,0,0,1,221,310,90,2e-110,409
bacterium FB2012,ERR1942283.728,gi|575790801|gb|KF697933.1|,92.42,211,13,3,1,211,313,106,4e-78,302
Gentiana veitchiorum,ERR1942283.729,gi|1418586504|ref|NC_037985.1|,98.89,180,2,0,1,180,93379,93200,2e-84,322
Gentiana veitchiorum,ERR1942283.729,gi|1418586504|ref|NC_037985.1|,98.89,180,2,0,1,180,122021,122200,2e-84,322
Cloacibacterium normanense,ERR1942283.730,gi|1125677790|gb|KY393024.1|,100.00,224,0,0,1,224,290,67,5e-112,414
Jiangella alkaliphila,ERR1942283.731,gi|1086024185|emb|LT629791.1|,92.04,226,17,1,1,226,3242939,3242715,1e-82,316
Jiangella alkaliphila,ERR1942283.731,gi|1086024185|emb|LT629791.1|,87.61,226,12,6,1,226,3997284,3997075,5e-62,248
Gentiana veitchiorum,ERR1942283.732,gi|1418586504|ref|NC_037985.1|,100.00,216,0,0,1,216,93379,93164,1e-107,399
Gentiana veitchiorum,ERR1942283.732,gi|1418586504|ref|NC_037985.1|,100.00,216,0,0,1,216,122021,122236,1e-107,399
Acidovorax sp.,ERR1942283.733,gi|1181747176|gb|KY883995.1|,99.53,212,0,1,1,212,310,100,4e-103,385
Cloacibacterium sp. O15.2,ERR1942283.734,gi|914722613|gb|KT354270.1|,100.00,216,0,0,1,216,259,44,1e-107,399
Methylophilus quaylei,ERR1942283.735,gi|1137165631|gb|AY772089.2|,100.00,234,0,0,1,234,297,64,1e-117,433
Acidovorax sp.,ERR1942283.736,gi|1181747176|gb|KY883995.1|,99.55,222,1,0,1,222,310,89,3e-109,405
Cuneatibacter caecimuris,ERR1942283.737,gi|1109168019|ref|NR_144608.1|,93.90,246,13,2,1,246,344,101,1e-98,370
Acidovorax temperans,ERR1942283.738,gi|1348203275|gb|MG982481.1|,99.55,222,0,1,1,221,322,101,1e-108,403
bacterium,ERR1942283.739,gi|224039107|gb|FJ662748.1|,99.55,221,1,0,1,221,303,83,1e-108,403
Cutibacterium acnes,ERR1942283.740,gi|1285277047|gb|MG597274.1|,100.00,237,0,0,1,237,260,24,3e-119,438
Cloacibacterium normanense,ERR1942283.741,gi|1125677790|gb|KY393024.1|,100.00,222,0,0,1,222,290,69,6e-111,411
Acidovorax sp.,ERR1942283.742,gi|1181747176|gb|KY883995.1|,99.47,188,1,0,1,188,310,123,5e-91,344
Methylophilus flavus,ERR1942283.743,gi|1243964783|gb|MF977752.1|,100.00,230,0,0,1,230,298,69,2e-115,425
Acidovorax sp.,ERR1942283.744,gi|1181747176|gb|KY883995.1|,100.00,222,0,0,1,222,310,89,6e-111,411
Acidovorax sp.,ERR1942283.745,gi|1181747176|gb|KY883995.1|,100.00,189,0,0,1,189,310,122,1e-92,350
Methylophilus quaylei,ERR1942283.746,gi|1137165631|gb|AY772089.2|,100.00,232,0,0,1,232,297,66,2e-116,429
Methylophilus quaylei,ERR1942283.747,gi|1137165631|gb|AY772089.2|,99.56,226,0,1,1,225,297,72,6e-111,411
Diaphorobacter sp.,ERR1942283.748,gi|1419235357|gb|MH588162.1|,100.00,217,0,0,1,217,262,46,4e-108,401
Diaphorobacter sp.,ERR1942283.749,gi|1419235357|gb|MH588162.1|,100.00,218,0,0,1,218,262,45,1e-108,403
Nocardioides sp.,ERR1942283.750,gi|1009083250|gb|KU891803.1|,98.06,206,4,0,1,206,305,100,2e-95,359
Clostridiales bacterium 30-4c,ERR1942283.751,gi|312064780|gb|HQ452853.1|,95.89,219,9,0,1,219,330,112,3e-94,355
Cloacibacterium normanense,ERR1942283.752,gi|1125677790|gb|KY393024.1|,100.00,224,0,0,1,224,290,67,5e-112,414
Methylophilus quaylei,ERR1942283.753,gi|1137165631|gb|AY772089.2|,100.00,232,0,0,1,232,297,66,2e-116,429
Parcubacteria group bacterium GW2011_GWC2_32_10,ERR1942283.754,gi|1118703721|gb|KX123634.1|,91.11,225,20,0,1,225,303,79,3e-79,305
bacterium,ERR1942283.755,gi|301233820|gb|HM697169.1|,100.00,174,0,0,1,174,350,177,2e-84,322
Clostridiales bacterium oral taxon C20,ERR1942283.756,gi|285202490|gb|GU429803.1|,95.50,111,5,0,1,111,319,209,6e-41,178
Bacteroides clarus YIT 12056,ERR1942283.757,gi|631251867|ref|NR_113065.1|,91.32,242,18,3,1,240,334,94,7e-86,327
Nocardioides sp.,ERR1942283.758,gi|1009083250|gb|KU891803.1|,98.21,223,4,0,1,223,305,83,8e-105,390
Methylobacillus methanolivorans,ERR1942283.759,gi|1384992347|ref|NR_156096.1|,100.00,226,0,0,3,228,296,71,4e-113,418
Acidovorax sp.,ERR1942283.760,gi|1181747176|gb|KY883995.1|,100.00,221,0,0,1,221,310,90,2e-110,409
Uliginosibacterium sp. JJ016,ERR1942283.761,gi|1052468926|gb|JN712181.2|,93.68,190,10,2,1,190,302,115,3e-73,285
Acidovorax sp.,ERR1942283.762,gi|1181747176|gb|KY883995.1|,100.00,221,0,0,1,221,310,90,2e-110,409
Arthrobacter russicus,ERR1942283.763,gi|1343103925|gb|MG946228.1|,100.00,233,0,0,1,233,332,100,5e-117,431
Cloacibacterium normanense,ERR1942283.767,gi|1125677790|gb|KY393024.1|,100.00,174,0,0,1,174,290,117,2e-84,322
Diaphorobacter sp.,ERR1942283.768,gi|1419235357|gb|MH588162.1|,99.54,219,0,1,1,219,262,45,5e-107,398
Cutibacterium acnes,ERR1942283.769,gi|1285277047|gb|MG597274.1|,99.58,237,1,0,1,237,260,24,1e-117,433
Cuneatibacter caecimuris,ERR1942283.770,gi|1109168019|ref|NR_144608.1|,93.85,244,13,2,1,244,344,103,2e-97,366
Nocardioides sp.,ERR1942283.771,gi|1009083250|gb|KU891803.1|,98.22,225,4,0,1,225,305,81,6e-106,394
Diaphorobacter sp.,ERR1942283.774,gi|1419235357|gb|MH588162.1|,100.00,218,0,0,1,218,262,45,1e-108,403
Acidovorax sp.,ERR1942283.775,gi|1181747176|gb|KY883995.1|,100.00,188,0,0,1,188,310,123,4e-92,348
Cutibacterium acnes,ERR1942283.776,gi|1285277047|gb|MG597274.1|,100.00,237,0,0,1,237,260,24,3e-119,438
Cloacibacterium normanense,ERR1942283.778,gi|1125677790|gb|KY393024.1|,100.00,223,0,0,1,223,290,68,2e-111,412
Cutibacterium acnes,ERR1942283.779,gi|1285277047|gb|MG597274.1|,100.00,226,0,0,1,226,260,35,4e-113,418
Saccharothrix syringae,ERR1942283.780,gi|343201052|ref|NR_041739.1|,94.17,240,14,0,1,240,321,82,4e-98,368
Methylobacillus methanolivorans,ERR1942283.781,gi|1384992347|ref|NR_156096.1|,100.00,223,0,0,1,223,298,76,2e-111,412
Methylobacillus methanolivorans,ERR1942283.782,gi|1384992347|ref|NR_156096.1|,100.00,222,0,0,1,222,298,77,6e-111,411
Acidovorax sp.,ERR1942283.784,gi|1181747176|gb|KY883995.1|,99.51,206,0,1,1,206,310,106,7e-100,374
Acidovorax sp.,ERR1942283.788,gi|1181747176|gb|KY883995.1|,100.00,214,0,0,1,214,310,97,2e-106,396
Acinetobacter haemolyticus,ERR1942283.789,gi|1427940761|gb|CP030880.1|,98.65,222,1,2,1,220,16647,16426,2e-105,392
Acinetobacter haemolyticus,ERR1942283.789,gi|1427940761|gb|CP030880.1|,98.65,222,1,2,1,220,510668,510447,2e-105,392
Acinetobacter haemolyticus,ERR1942283.789,gi|1427940761|gb|CP030880.1|,98.65,222,1,2,1,220,2802817,2803038,2e-105,392
Acinetobacter haemolyticus,ERR1942283.789,gi|1427940761|gb|CP030880.1|,98.65,222,1,2,1,220,2946396,2946617,2e-105,392
Acinetobacter haemolyticus,ERR1942283.789,gi|1427940761|gb|CP030880.1|,98.65,222,1,2,1,220,3254715,3254936,2e-105,392
Acinetobacter haemolyticus,ERR1942283.789,gi|1427940761|gb|CP030880.1|,98.65,222,1,2,1,220,3406100,3406321,2e-105,392
